Rk,Player,Pos,Squad,Gls,Sh,SoT,SoT%,Sh/90,SoT/90,G/Sh,G/SoT,Dist,PK,PKatt,Fls,Fld,Off,Crs,Int,TklW,PKwon,PKcon,OG,Ast,G+A,G-PK,PK,PKatt,CrdY,CrdR,Gls,Ast,G+A,G-PK,G+A-PK
1,Harib Abdalla,DF,ae UAE,0,0,0,,0,0,,,,0,0,0,4,0,3,1,1,,,0,0,0,0,0,0,0,0,0,0,0,0,0
2,Zafarmurod Abdirahmatov,MF,uz Uzbekistan,0,1,0,0,0.54,0,0,,,0,0,2,0,0,1,2,2,,,0,0,0,0,0,0,0,0,0,0,0,0,0
3,Mohammed Abdul Qayoom,MF,bh Bahrain,0,0,0,,0,0,,,,0,0,0,0,0,0,0,1,,,0,0,0,0,0,0,0,0,0,0,0,0,0
4,Sahal Abdul Samad,MF,in India,0,1,0,0,3.33,0,0,,,0,0,0,0,0,0,0,0,,,0,0,0,0,0,0,0,0,0,0,0,0,0
5,Saud Abdulhamid,MF,sa Saudi Arabia,0,1,0,0,0.3,0,0,,,0,0,0,7,2,18,4,5,,,0,1,1,0,0,0,0,0,0,0.3,0.3,0,0.3
6,Abdulla Abdullayev,DF,uz Uzbekistan,0,0,0,,0,0,,,,0,0,1,1,0,0,5,6,,,0,0,0,0,0,0,0,0,0,0,0,0,0
7,Odiljon Abdurakhmanov,MF,kg Kyrgyz Republic,0,4,0,0,1.43,0,0,,,0,0,4,7,0,1,4,4,,,0,0,0,0,0,0,0,0,0,0,0,0,0
8,Yusuf Abdurisag,"MF,FW",qa Qatar,0,4,1,25,1.48,0.37,0,0,,0,0,4,1,1,6,1,4,,,0,0,0,0,0,0,0,0,0,0,0,0,0
9,Mohammad Abu Hasheesh,MF,jo Jordan,0,3,2,66.7,1.02,0.68,0,0,,0,0,5,2,0,4,1,5,,,0,0,0,0,0,0,1,0,0,0,0,0,0
10,Yousef Abu Jalboush,FW,jo Jordan,0,0,0,,0,0,,,,0,0,1,4,0,3,0,0,,,0,0,0,0,0,0,0,0,0,0,0,0,0
11,Yazeed Abulaila,GK,jo Jordan,0,0,0,,0,0,,,,0,0,1,1,0,0,0,0,,,0,0,0,0,0,0,1,0,0,0,0,0,0
12,Mahmoud Abuwarda,MF,ps Palestine,0,5,1,20,1.38,0.28,0,0,,0,0,4,2,0,18,0,1,,,0,0,0,0,0,0,0,0,0,0,0,0,0
13,Mohammed Adel Hasan,DF,bh Bahrain,0,0,0,,0,0,,,,0,0,4,4,0,16,2,3,,,0,0,0,0,0,0,0,0,0,0,0,0,0
14,Sultan Adil,FW,ae UAE,2,7,3,42.9,3.5,1.5,0.14,0.33,,1,1,3,5,0,0,0,2,,,0,0,2,1,1,1,1,0,1,0,1,0.5,0.5
15,Ali Adnan Kadhim,DF,iq Iraq,0,0,0,,0,0,,,,0,0,1,1,0,4,2,1,,,0,0,0,0,0,0,0,0,0,0,0,0,0
16,Akram Afif,FW,qa Qatar,8,23,16,69.6,3.47,2.41,0.17,0.25,,4,4,2,18,2,36,0,4,,,0,3,11,4,4,4,0,0,1.21,0.45,1.66,0.6,1.06
17,Mohd Afiq Fazail,MF,my Malaysia,0,0,0,,0,0,,,,0,0,0,1,0,0,0,0,,,0,0,0,0,0,0,0,0,0,0,0,0,0
18,Zahir Al Aghbari,MF,om Oman,0,1,0,0,1.87,0,0,,,0,0,0,1,0,4,0,0,,,0,0,0,0,0,0,0,0,0,0,0,0,0
19,Homam Ahmed,MF,qa Qatar,0,0,0,,0,0,,,,0,0,0,1,0,1,0,1,,,0,0,0,0,0,0,0,0,0,0,0,0,0
20,Arif Aiman,"FW,MF",my Malaysia,1,4,2,50,1.64,0.82,0,0,,1,1,4,2,1,3,0,1,,,0,0,1,0,1,1,0,0,0.41,0,0.41,0,0
21,Moayad Ajan,DF,sy Syria,0,4,2,50,0.92,0.46,0,0,,0,0,1,1,0,15,5,5,,,0,0,0,0,0,0,0,0,0,0,0,0,0
22,Ayzar Akmatov,DF,kg Kyrgyz Republic,0,1,1,100,1.1,1.1,0,0,,0,0,2,2,0,1,1,2,,,0,0,0,0,0,0,0,1,0,0,0,0,0
23,Ahmed Alaaeldin,FW,qa Qatar,0,0,0,,0,0,,,,0,0,1,1,1,0,0,0,,,0,0,0,0,0,0,1,0,0,0,0,0,0
24,Arshad Al Alawi,DF,om Oman,0,2,1,50,0.74,0.37,0,0,,0,0,2,0,0,3,0,4,,,0,0,0,0,0,0,0,0,0,0,0,0,0
25,Almoez Ali,FW,qa Qatar,2,9,4,44.4,1.45,0.65,0.22,0.5,,0,0,8,4,9,3,2,5,,,0,2,4,2,0,0,1,0,0.32,0.32,0.65,0.32,0.65
26,Hazza Ali,DF,bh Bahrain,0,1,0,0,0.35,0,0,,,0,0,0,3,0,9,5,1,,,0,0,0,0,0,0,0,0,0,0,0,0,0
27,Hussein Ali,DF,iq Iraq,0,3,1,33.3,1.2,0.4,0,0,,0,0,2,2,0,9,0,0,,,0,0,0,0,0,0,0,0,0,0,0,0,0
28,Mukhtar Ali,MF,sa Saudi Arabia,0,1,1,100,0.78,0.78,0,0,,0,0,1,1,0,3,2,3,,,0,1,1,0,0,0,0,0,0,0.78,0.78,0,0.78
29,Al-Mahdi Ali Mukhtar,DF,qa Qatar,0,5,2,40,1,0.4,0,0,,0,0,4,2,0,0,4,5,,,0,0,0,0,0,0,1,0,0,0,0,0,0
30,Xojiakbar Alijonov,MF,uz Uzbekistan,0,0,0,,0,0,,,,0,0,0,0,0,3,1,0,,,0,0,0,0,0,0,0,0,0,0,0,0,0
31,Guljigit Al?kulov,MF,kg Kyrgyz Republic,0,1,0,0,0.51,0,0,,,0,0,4,4,2,1,3,1,,,0,0,0,0,0,0,2,0,0,0,0,0,0
32,Adam Alis,MF,id Indonesia,0,1,0,0,3.75,0,0,,,0,0,1,0,0,0,0,1,,,0,0,0,0,0,0,0,0,0,0,0,0,0
33,Ahmed Allée,MF,iq Iraq,0,0,0,,0,0,,,,0,0,1,0,0,0,0,0,,,0,0,0,0,0,0,0,0,0,0,0,0,0
34,Beknaz Almazbekov,FW,kg Kyrgyz Republic,0,0,0,,0,0,,,,0,0,1,2,1,1,0,0,,,0,0,0,0,0,0,1,0,0,0,0,0,0
35,Ibrahim Alwali,MF,bh Bahrain,0,0,0,,0,0,,,,0,0,0,0,0,0,1,1,,,0,0,0,0,0,0,0,0,0,0,0,0,0
36,Jordi Amat,DF,id Indonesia,0,0,0,,0,0,,,,0,0,4,1,0,0,2,3,,,0,0,0,0,0,0,2,0,0,0,0,0,0
37,Amir Al Ammari,MF,iq Iraq,0,2,0,0,0.67,0,0,,,0,0,2,1,0,7,5,6,,,0,0,0,0,0,0,0,0,0,0,0,0,0
38,Youssef Amyn,MF,iq Iraq,0,4,0,0,2.11,0,0,,,0,0,2,5,0,5,0,3,,,0,0,0,0,0,0,0,0,0,0,0,0,0
39,Mouhamad Anez,MF,sy Syria,0,0,0,,0,0,,,,0,0,0,0,0,0,1,0,,,0,0,0,0,0,0,0,0,0,0,0,0,0
40,Bùi Hoàng Vi?t Anh,DF,vn Vietnam,1,3,2,66.7,1,0.67,0.33,0.5,,0,0,2,3,0,0,12,4,,,0,0,1,1,0,0,1,0,0.33,0,0.33,0.33,0.33
41,Karim Ansarifard,FW,ir IR Iran,1,1,1,100,0.87,0.87,1,1,,0,0,0,1,0,0,0,0,,,0,0,1,1,0,0,0,0,0.87,0,0.87,0.87,0.87
42,Saranon Anuin,GK,th Thailand,0,0,0,,0,0,,,,0,0,0,0,0,0,0,0,,,0,0,0,0,0,0,0,0,0,0,0,0,0
43,Lalengmawia Apuia,MF,in India,0,2,0,0,0.69,0,0,,,0,0,3,4,0,2,3,3,,,0,0,0,0,0,0,0,0,0,0,0,0,0
44,Yazan Al Arab,DF,jo Jordan,1,6,2,33.3,1,0.33,0.17,0.5,,0,0,6,2,1,0,6,3,,,1,0,1,1,0,0,1,0,0.17,0,0.17,0.17,0.17
45,Pratama Arhan,DF,id Indonesia,0,0,0,,0,0,,,,0,0,4,2,0,4,2,3,,,0,0,0,0,0,0,1,0,0,0,0,0,0
46,Ernando Ari,GK,id Indonesia,0,0,0,,0,0,,,,0,0,0,0,0,0,0,0,,,0,0,0,0,0,0,0,0,0,0,0,0,0
47,Reza Asadi,MF,ir IR Iran,0,1,0,0,18,0,0,,,0,0,0,0,0,0,0,1,,,0,0,0,0,0,0,0,0,0,0,0,0,0
48,Takuma Asano,FW,jp Japan,0,2,1,50,2.5,1.25,0,0,,0,0,1,2,0,1,0,0,,,0,0,0,0,0,0,0,0,0,0,0,0,0
49,Rustam Ashurmatov,DF,uz Uzbekistan,0,1,0,0,0.23,0,0,,,0,0,4,0,0,0,11,5,,,0,0,0,0,0,0,1,0,0,0,0,0,0
50,Ali Assadalla,MF,qa Qatar,0,0,0,,0,0,,,,0,0,4,0,0,0,0,2,,,0,0,0,0,0,0,1,0,0,0,0,0,0
51,Komail Al Aswad,MF,bh Bahrain,0,2,0,0,0.6,0,0,,,0,0,1,5,0,10,3,1,,,0,0,0,0,0,0,1,0,0,0,0,0,0
52,Mahmood Al Aswad,MF,sy Syria,0,1,0,0,0.33,0,0,,,0,0,3,2,0,7,3,7,,,0,0,0,0,0,0,2,0,0,0,0,0,0
53,Moses Atede,MF,bh Bahrain,0,2,0,0,1.36,0,0,,,0,0,2,3,0,0,0,2,,,0,0,0,0,0,0,1,0,0,0,0,0,0
54,Rustam Âtimov,GK,tj Tajikistan,0,0,0,,0,0,,,,0,0,0,0,0,0,0,0,,,0,0,0,0,0,0,0,0,0,0,0,0,0
55,Nathaniel Atkinson,DF,au Australia,0,1,0,0,0.49,0,0,,,0,0,1,0,0,4,1,5,,,0,1,1,0,0,0,0,0,0,0.49,0.49,0,0.49
56,Picha Autra,MF,th Thailand,0,0,0,,0,0,,,,0,0,0,0,0,0,1,0,,,0,0,0,0,0,0,0,0,0,0,0,0,0
57,Fadi Awad,MF,jo Jordan,0,2,0,0,1.65,0,0,,,0,0,4,0,0,0,2,3,,,0,0,0,0,0,0,0,0,0,0,0,0,0
58,Anas Al Awadat,MF,jo Jordan,0,3,0,0,4.82,0,0,,,0,0,0,3,1,2,0,3,,,0,1,1,0,0,0,0,0,0,1.61,1.61,0,1.61
59,Rajaei Ayed,MF,jo Jordan,0,1,0,0,0.26,0,0,,,0,0,5,0,1,5,0,4,,,0,0,0,0,0,0,1,0,0,0,0,0,0
60,Sardar Azmoun,FW,ir IR Iran,2,15,7,46.7,3.38,1.58,0.13,0.29,,0,0,2,5,8,0,2,0,,,0,3,5,2,0,0,0,0,0.45,0.68,1.13,0.45,1.13
61,Keanu Baccus,MF,au Australia,0,2,0,0,0.51,0,0,,,0,0,8,7,0,2,5,7,,,0,0,0,0,0,0,0,0,0,0,0,0,0
62,Elkan Baggott,DF,id Indonesia,0,0,0,,0,0,,,,0,0,4,1,0,0,3,3,,,1,0,0,0,0,0,1,0,0,0,0,0,0
63,Asnawi Bahar,DF,id Indonesia,1,1,1,100,0.57,0.57,0,0,,1,1,3,1,0,1,1,1,,,0,0,1,0,1,1,1,0,0.57,0,0.57,0,0
64,Tameem Al Balushi,MF,om Oman,0,0,0,,0,0,,,,0,0,0,0,0,0,0,0,,,0,0,0,0,0,0,0,0,0,0,0,0,0
65,Anas Bani Yaseen,DF,jo Jordan,0,1,0,0,1,0,0,,,0,0,1,0,0,0,2,1,,,0,0,0,0,0,0,0,0,0,0,0,0,0
66,Meshaal Barsham,GK,qa Qatar,0,0,0,,0,0,,,,0,0,1,2,0,0,0,0,,,0,0,0,0,0,0,2,0,0,0,0,0,0
67,Mohammad Al-Basha,DF,jo Jordan,0,1,0,0,0.17,0,0,,,0,0,5,3,0,5,4,2,,,0,0,0,0,0,0,3,0,0,0,0,0,0
68,Ahmed Basil,GK,iq Iraq,0,0,0,,0,0,,,,0,0,0,0,0,0,0,0,,,0,0,0,0,0,0,0,0,0,0,0,0,0
69,Ernist Bat?rkanov,"MF,FW",kg Kyrgyz Republic,0,1,1,100,0.52,0.52,0,0,,0,0,3,1,0,0,2,2,,,0,0,0,0,0,0,1,0,0,0,0,0,0
70,Islam Batran,FW,ps Palestine,0,2,0,0,3.4,0,0,,,0,0,3,1,0,9,0,1,,,0,0,0,0,0,0,0,0,0,0,0,0,0
71,Mus'ab Battat,DF,ps Palestine,0,0,0,,0,0,,,,0,0,2,0,1,24,4,14,,,0,2,2,0,0,0,0,0,0,0.5,0.5,0,0.5
72,Ibrahim Bayesh,MF,iq Iraq,0,2,1,50,0.61,0.31,0,0,,0,0,3,10,2,11,4,2,,,0,0,0,0,0,0,0,0,0,0,0,0,0
73,Aziz Behich,DF,au Australia,0,3,0,0,0.56,0,0,,,0,0,3,3,0,15,4,2,,,0,0,0,0,0,0,0,0,0,0,0,0,0
74,Alireza Beiranvand,GK,ir IR Iran,0,0,0,,0,0,,,,0,0,1,1,0,0,0,0,,,0,0,0,0,0,0,1,0,0,0,0,0,0
75,Amine Benaddi,DF,bh Bahrain,0,0,0,,0,0,,,,0,0,0,0,0,0,0,1,,,0,0,0,0,0,0,0,0,0,0,0,0,0
76,Rahul Bheke,DF,in India,0,3,1,33.3,1,0.33,0,0,,0,0,3,2,0,1,3,4,,,0,0,0,0,0,0,1,0,0,0,0,0,0
77,Liu Binbin,"DF,MF",cn China PR,0,0,0,,0,0,,,,0,0,2,4,0,10,0,3,,,0,0,0,0,0,0,0,0,0,0,0,0,0
78,Gabriel Bitar,MF,lb Lebanon,0,0,0,,0,0,,,,0,0,0,0,0,0,0,1,,,0,0,0,0,0,0,0,0,0,0,0,0,0
79,Jordan Bos,FW,au Australia,1,5,1,20,1.51,0.3,0.2,1,,0,0,3,5,0,8,1,6,,,0,0,1,1,0,0,0,0,0.3,0,0.3,0.3,0.3
80,Subashish Bose,DF,in India,0,0,0,,0,0,,,,0,0,3,1,0,0,2,2,,,0,0,0,0,0,0,0,0,0,0,0,0,0
81,Martin Boyle,"FW,MF",au Australia,2,7,5,71.4,1.61,1.15,0.14,0.2,,1,1,1,12,1,24,2,2,,,0,0,2,1,1,1,0,0,0.46,0,0.46,0.23,0.23
82,Khalid Al Braiki,DF,om Oman,0,3,0,0,1,0,0,,,0,0,0,0,0,0,5,2,,,0,0,0,0,0,0,0,0,0,0,0,0,0
83,Sultan Al-Brake,DF,qa Qatar,0,0,0,,0,0,,,,0,0,2,1,0,1,0,2,,,0,0,0,0,0,0,0,0,0,0,0,0,0
84,Hristiyan Brauzman,DF,kg Kyrgyz Republic,0,0,0,,0,0,,,,0,0,3,0,0,1,6,3,,,0,0,0,0,0,0,1,0,0,0,0,0,0
85,Mohammed Al-Breik,MF,sa Saudi Arabia,0,3,1,33.3,1.32,0.44,0,0,,0,0,1,5,0,19,2,3,,,0,0,0,0,0,0,1,0,0,0,0,0,0
86,Tyias Browning,DF,cn China PR,0,0,0,,0,0,,,,0,0,0,0,1,0,3,3,,,0,0,0,0,0,0,0,0,0,0,0,0,0
87,Omar Bugiel,FW,lb Lebanon,0,5,2,40,2.56,1.02,0,0,,0,0,10,2,1,2,4,6,,,0,0,0,0,0,0,0,0,0,0,0,0,0
88,Ali Al-Bulaihi,DF,sa Saudi Arabia,1,1,1,100,0.23,0.23,1,1,,0,0,2,1,1,0,4,5,,,0,0,1,1,0,0,0,0,0.23,0,0.23,0.23,0.23
89,Theerathon Bunmathan,DF,th Thailand,0,1,1,100,0.33,0.33,0,0,,0,0,2,1,0,16,3,3,,,0,0,0,0,0,0,2,0,0,0,0,0,0
90,Firas Al-Buraikan,FW,sa Saudi Arabia,0,3,0,0,3.21,0,0,,,0,0,3,1,0,0,0,0,,,0,0,0,0,0,0,0,0,0,0,0,0,0
91,Suphanan Bureerat,DF,th Thailand,0,0,0,,0,0,,,,0,0,1,0,0,1,0,3,,,0,0,0,0,0,0,0,0,0,0,0,0,0
92,Cameron Burgess,DF,au Australia,0,1,0,0,0.73,0,0,,,0,0,1,0,0,0,1,1,,,0,0,0,0,0,0,0,0,0,0,0,0,0
93,Aliçoni Burizod,MF,tj Tajikistan,0,0,0,,0,0,,,,0,0,5,0,0,1,0,0,,,0,0,0,0,0,0,1,0,0,0,0,0,0
94,Ali Al-Busaidi,"DF,MF",om Oman,0,0,0,,0,0,,,,0,0,0,0,0,0,0,0,,,0,0,0,0,0,0,0,0,0,0,0,0,0
95,Everton Camargo,MF,hk Hong Kong,0,14,3,21.4,4.67,1,0,0,,0,1,4,4,1,16,0,3,,,0,1,1,0,0,1,0,0,0,0.33,0.33,0,0.33
96,Caio Canedo Corrêa,"MF,FW",ae UAE,0,8,3,37.5,2.42,0.91,0,0,,0,0,4,10,1,1,0,2,,,0,0,0,0,0,0,0,0,0,0,0,0,0
97,Hokky Caraka,FW,id Indonesia,0,2,1,50,7.83,3.91,0,0,,0,0,2,0,0,0,0,0,,,0,0,0,0,0,0,0,0,0,0,0,0,0
98,Peeradon Chamratsamee,MF,th Thailand,0,1,0,0,0.56,0,0,,,0,0,2,1,0,3,1,2,,,0,0,0,0,0,0,0,0,0,0,0,0,0
99,Santipharp Channgom,DF,th Thailand,0,0,0,,0,0,,,,0,0,0,0,0,2,0,2,,,0,0,0,0,0,0,0,0,0,0,0,0,0
100,Pathompol Charoenrattanapirom,MF,th Thailand,0,1,0,0,0.57,0,0,,,0,0,0,1,0,4,0,1,,,0,0,0,0,0,0,0,0,0,0,0,0,0
101,Zhu Chenjie,DF,cn China PR,0,2,0,0,0.67,0,0,,,0,0,4,6,0,0,6,1,,,0,0,0,0,0,0,0,0,0,0,0,0,0
102,Roozbeh Cheshmi,"MF,DF",ir IR Iran,0,1,0,0,0.43,0,0,,,0,0,1,1,0,0,1,0,,,0,0,0,0,0,0,0,0,0,0,0,0,0
103,Lallianzuala Chhangte,MF,in India,0,1,0,0,0.51,0,0,,,0,0,0,1,0,7,1,2,,,0,0,0,0,0,0,0,0,0,0,0,0,0
104,Sunil Chhetri,"FW,MF",in India,0,7,1,14.3,2.53,0.36,0,0,,0,0,3,0,1,1,0,0,,,0,0,0,0,0,0,1,0,0,0,0,0,0
105,Tan Chun Lok,MF,hk Hong Kong,0,2,0,0,0.67,0,0,,,0,0,6,3,0,6,4,4,,,0,0,0,0,0,0,1,0,0,0,0,0,0
106,Wu Chun Ming,MF,hk Hong Kong,0,1,0,0,0.38,0,0,,,0,0,1,2,0,1,5,4,,,0,0,0,0,0,0,0,0,0,0,0,0,0
107,Liston Colaco,MF,in India,0,1,0,0,5.29,0,0,,,0,0,0,1,0,0,0,0,,,0,0,0,0,0,0,0,0,0,0,0,0,0
108,Dion Cools,DF,my Malaysia,0,1,0,0,0.33,0,0,,,0,0,2,4,0,2,0,4,,,0,0,0,0,0,0,0,0,0,0,0,0,0
109,La'Vere Corbin-Ong,MF,my Malaysia,0,0,0,,0,0,,,,0,0,5,4,0,5,1,7,,,0,0,3,3,0,0,0,0,0.93,0,0.93,0.93,0.93
110,Oday Dabbagh,FW,ps Palestine,3,16,8,50,4.97,2.48,0.19,0.38,,0,0,5,4,4,7,2,0,,,0,0,0,0,0,0,0,0,0,0,0,0,0
111,Alaa Al Dali,FW,sy Syria,0,1,0,0,1.61,0,0,,,0,0,3,1,1,0,0,0,,,0,0,0,0,0,0,0,1,0,0,0,0,0
112,Hamza Al-Dardour,FW,jo Jordan,0,1,1,100,4.74,4.74,0,0,,0,0,0,0,0,0,0,0,,,0,0,0,0,0,0,0,0,0,0,0,0,0
113,Matthew Davies,"MF,DF",my Malaysia,0,1,0,0,0.5,0,0,,,0,0,1,2,0,9,2,3,,,0,0,0,0,0,0,0,0,0,0,0,0,0
114,Tabrezi Davlatmir,DF,tj Tajikistan,0,0,0,,0,0,,,,0,0,1,0,1,1,1,1,,,0,0,0,0,0,0,0,0,0,0,0,0,0
115,Nasser Al-Dawsari,MF,sa Saudi Arabia,0,3,0,0,1.44,0,0,,,0,0,2,2,1,15,3,4,,,0,1,1,0,0,0,0,0,0,0.28,0.28,0,0.28
116,Salem Al-Dawsari,"FW,MF",sa Saudi Arabia,0,8,4,50,2.26,1.13,0,0,,0,0,3,1,0,2,0,0,,,0,0,0,0,0,0,0,0,0,0,0,0,0
117,Frans Dhia Putros,MF,iq Iraq,0,0,0,,0,0,,,,0,0,1,0,0,0,1,2,,,0,1,2,1,0,0,0,0,0.29,0.29,0.58,0.29,0.58
118,Ritsu Doan,"FW,MF",jp Japan,1,12,1,8.3,3.47,0.29,0.08,1,,0,0,8,6,0,6,1,4,,,0,0,0,0,0,0,0,0,0,0,0,0,0
119,Elias Dolah,DF,th Thailand,0,3,1,33.3,1,0.33,0,0,,0,0,4,3,0,0,2,4,,,0,0,0,0,0,0,0,0,0,0,0,0,0
120,Merchas Doski,DF,iq Iraq,0,1,0,0,0.34,0,0,,,0,0,1,10,0,9,0,4,,,0,0,0,0,0,0,0,0,0,0,0,0,0
121,Dimas Drajad,FW,id Indonesia,0,0,0,,0,0,,,,0,0,0,0,0,0,0,0,,,0,0,0,0,0,0,0,0,0,0,0,0,0
122,Mitchell Duke,FW,au Australia,0,6,1,16.7,2.01,0.33,0,0,,0,0,5,5,1,3,1,0,,,0,0,0,0,0,0,0,0,0,0,0,0,0
123,Fahmi Durbin,DF,om Oman,0,1,0,0,1.23,0,0,,,0,0,0,0,0,0,2,0,,,0,0,0,0,0,0,0,0,0,0,0,0,0
124,?? Duy M?nh,MF,vn Vietnam,0,0,0,,0,0,,,,0,0,0,0,0,0,0,0,,,0,0,0,0,0,0,0,0,0,0,0,0,0
125,Bahtiyar Duy?obekov,"MF,DF",kg Kyrgyz Republic,0,0,0,,0,0,,,,0,0,0,1,2,2,2,3,,,0,0,0,0,0,0,0,0,0,0,0,0,0
126,Alisher Dzhalilov,FW,tj Tajikistan,0,18,5,27.8,3.92,1.09,0,0,,0,0,8,6,4,6,0,1,,,0,0,0,0,0,0,0,0,0,0,0,0,0
127,Omid Ebrahimi,MF,ir IR Iran,0,2,0,0,0.78,0,0,,,0,0,6,2,0,1,3,1,,,0,0,0,0,0,0,0,0,0,0,0,0,0
128,Khalid Eisa,GK,ae UAE,0,0,0,,0,0,,,,0,0,0,1,0,0,0,0,,,0,0,0,0,0,0,0,0,0,0,0,0,0
129,Husain Al Eker,MF,bh Bahrain,0,1,1,100,9,9,0,0,,0,0,0,0,0,0,0,0,,,0,0,0,0,0,0,0,0,0,0,0,0,0
130,Junior Eldstål,DF,my Malaysia,0,0,0,,0,0,,,,0,0,1,0,0,1,2,0,,,0,0,0,0,0,0,0,0,0,0,0,0,0
131,Jalil Elías,MF,sy Syria,0,1,0,0,0.23,0,0,,,0,0,0,3,0,14,2,4,,,0,1,2,1,0,0,1,0,0.2,0.2,0.4,0.2,0.4
132,Wataru Endo,MF,jp Japan,1,4,1,25,0.8,0.2,0.25,1,,0,0,7,4,0,1,4,0,,,0,0,0,0,0,0,0,0,0,0,0,0,0
133,Xojimat Erkinov,FW,uz Uzbekistan,0,2,0,0,1.16,0,0,,,0,0,3,5,3,1,2,5,,,0,0,0,0,0,0,1,0,0,0,0,0,0
134,Umar Eshmurodov,DF,uz Uzbekistan,0,0,0,,0,0,,,,0,0,1,3,1,0,4,2,,,0,0,0,0,0,0,1,0,0,0,0,0,0
135,Saeid Ezatolahi,MF,ir IR Iran,0,12,2,16.7,2.13,0.36,0,0,,0,0,7,5,0,5,2,5,,,0,1,1,0,0,0,2,0,0,0.17,0.17,0,0.17
136,Ahmed Fathy,MF,qa Qatar,0,0,0,,0,0,,,,0,0,13,13,0,1,11,12,,,0,0,0,0,0,0,0,0,0,0,0,0,0
137,Abdullah Fawaz,MF,om Oman,0,1,0,0,0.44,0,0,,,0,0,2,2,0,1,1,1,,,0,0,2,2,0,0,0,0,0.46,0,0.46,0.46,0.46
138,Abbosbek Fayzullayev,"FW,MF",uz Uzbekistan,2,12,5,41.7,2.76,1.15,0.17,0.4,,0,0,11,9,2,5,3,7,,,0,0,1,1,0,0,0,0,0.25,0,0.25,0.25,0.25
139,Marselino Ferdinan,MF,id Indonesia,1,7,1,14.3,1.75,0.25,0.14,1,,0,0,6,5,0,6,4,12,,,0,0,0,0,0,0,0,0,0,0,0,0,0
140,Brandon Fernandes,MF,in India,0,0,0,,0,0,,,,0,0,2,0,0,4,0,0,,,0,0,0,0,0,0,1,0,0,0,0,0,0
141,Bruno Fornaroli,FW,au Australia,0,2,1,50,1.4,0.7,0,0,,0,0,4,3,1,0,1,3,,,0,0,1,1,0,0,0,0,0.2,0,0.2,0.2,0.2
142,Jassem Gaber,MF,qa Qatar,1,6,2,33.3,1.22,0.41,0.17,0.5,,0,0,13,6,0,1,3,12,,,0,0,0,0,0,0,0,0,0,0,0,0,0
143,Brendan Gan,MF,my Malaysia,0,0,0,,0,0,,,,0,0,4,0,0,0,0,2,,,0,0,0,0,0,0,1,0,0,0,0,0,0
144,Ahmed Al Ganehi,FW,qa Qatar,0,3,0,0,2,0,0,,,0,0,2,4,0,3,5,3,,,0,0,0,0,0,0,1,0,0,0,0,0,0
145,Oliver Gerbig,DF,hk Hong Kong,0,0,0,,0,0,,,,0,0,2,3,0,0,4,1,,,0,0,2,2,0,0,0,0,0.76,0,0.76,0.76,0.76
146,Mehdi Ghaedi,MF,ir IR Iran,2,6,4,66.7,2.28,1.52,0.33,0.5,,0,0,1,4,0,6,1,3,,,0,0,1,1,0,0,0,0,1.06,0,1.06,1.06,1.06
147,Faisal Al Ghamdi,MF,sa Saudi Arabia,1,1,1,100,1.06,1.06,1,1,,0,0,1,0,0,5,1,1,,,0,0,1,1,0,0,1,0,0.53,0,0.53,0.53,0.53
148,Abdulrahman Ghareeb,FW,sa Saudi Arabia,1,7,4,57.1,3.71,2.12,0.14,0.25,,0,0,2,1,1,9,0,0,,,0,0,1,1,0,0,0,0,0.4,0,0.4,0.4,0.4
149,Muhsen Al Ghassani,FW,om Oman,1,3,1,33.3,1.19,0.4,0.33,1,,0,0,3,1,2,0,0,1,,,0,0,2,1,1,2,1,0,0.67,0,0.67,0.33,0.33
150,Yahya Al Ghassani,"MF,FW",ae UAE,2,13,6,46.2,4.35,2.01,0.08,0.17,,1,2,3,7,3,9,1,3,,,0,2,2,0,0,0,0,0,0,0.37,0.37,0,0.37
151,Saman Ghoddos,MF,ir IR Iran,0,9,0,0,1.67,0,0,,,0,0,5,10,2,26,0,3,,,0,0,0,0,0,0,0,0,0,0,0,0,0
152,Ali Gholizadeh,MF,ir IR Iran,0,1,1,100,0.81,0.81,0,0,,0,0,1,0,1,2,0,2,,,0,1,3,2,0,0,0,0,1.22,0.61,1.84,1.22,1.84
153,Craig Goodwin,"MF,FW",au Australia,2,5,3,60,3.06,1.84,0.4,0.67,,0,0,2,4,1,27,2,0,,,0,0,1,1,0,0,2,0,0.25,0,0.25,0.25,0.25
154,Cho Gue-sung,FW,kr Korea Republic,1,10,2,20,2.5,0.5,0.1,0.5,,0,0,8,5,2,1,1,0,,,0,1,1,0,0,0,2,0,0,0.17,0.17,0,0.17
155,Ihsan Haddad,MF,jo Jordan,0,2,1,50,0.35,0.17,0,0,,0,0,5,4,0,17,9,12,,,0,0,0,0,0,0,1,0,0,0,0,0,0
156,Mohamad Haidar,MF,lb Lebanon,0,0,0,,0,0,,,,0,0,3,2,0,7,0,2,,,0,0,0,0,0,0,0,0,0,0,0,0,0
157,Talal Haji,FW,sa Saudi Arabia,0,3,1,33.3,10,3.33,0,0,,0,0,0,0,0,0,0,0,,,0,0,0,0,0,0,1,0,0,0,0,0,0
158,Ruslan Hajloev,MF,tj Tajikistan,0,0,0,,0,0,,,,0,0,1,0,0,0,0,1,,,0,0,0,0,0,0,1,0,0,0,0,0,0
159,Ehsan Hajsafi,DF,ir IR Iran,0,3,1,33.3,0.76,0.25,0,0,,0,0,3,2,0,18,5,7,,,0,0,1,1,0,0,0,0,0.37,0,0.37,0.37,0.37
160,Mohd Faisal Abdul Halim,FW,my Malaysia,1,2,1,50,0.73,0.37,0.5,1,,0,0,3,2,0,6,1,1,,,0,0,0,0,0,0,0,0,0,0,0,0,0
161,Ezequiel Ham,MF,sy Syria,0,6,0,0,1.38,0,0,,,0,0,1,1,0,0,1,3,,,0,0,0,0,0,0,0,0,0,0,0,0,0
162,Abdulla Hamad,MF,ae UAE,0,0,0,,0,0,,,,0,0,0,0,0,0,0,6,,,0,0,0,0,0,0,0,0,0,0,0,0,0
163,Rami Hamada,GK,ps Palestine,0,0,0,,0,0,,,,0,0,0,1,0,0,2,0,,,0,0,0,0,0,0,0,0,0,0,0,0,0
164,Ali Al Hamadi,FW,iq Iraq,0,1,0,0,1,0,0,,,0,0,1,0,0,0,0,0,,,0,0,0,0,0,0,0,0,0,0,0,0,0
165,Yaser Hamed,DF,ps Palestine,0,0,0,,0,0,,,,0,0,0,0,0,0,2,2,,,0,0,1,1,0,0,0,1,0.37,0,0.37,0.37,0.37
166,Khalifa Al Hammadi,DF,ae UAE,1,2,1,50,0.73,0.37,0.5,1,,0,0,2,1,0,0,5,3,,,0,0,1,1,0,0,1,0,1.08,0,1.08,1.08,1.08
167,Nuriddin Hamrokulov,FW,tj Tajikistan,1,5,3,60,5.42,3.25,0.2,0.33,,0,0,2,1,0,0,1,1,,,0,0,1,1,0,0,1,0,0.19,0,0.19,0.19,0.19
168,Vahdat Hanonov,DF,tj Tajikistan,1,2,1,50,0.37,0.19,0.5,1,,0,0,3,8,0,0,9,6,,,1,0,0,0,0,0,0,0,0,0,0,0,0
169,Mohamed Hardan,MF,bh Bahrain,0,0,0,,0,0,,,,0,0,4,5,0,1,5,10,,,0,0,0,0,0,0,0,0,0,0,0,0,0
170,Alaaeddin Hasan,FW,ps Palestine,0,3,2,66.7,5.63,3.75,0,0,,0,0,2,0,0,0,0,0,,,0,0,0,0,0,0,0,0,0,0,0,0,0
171,Ali Hasan,FW,bh Bahrain,0,1,1,100,4.5,4.5,0,0,,0,0,0,0,0,2,0,0,,,0,0,0,0,0,0,0,0,0,0,0,0,0
172,Muhammadjoni Hasan,MF,tj Tajikistan,0,0,0,,0,0,,,,0,0,3,1,0,2,1,1,,,0,0,1,1,0,0,0,0,0.68,0,0.68,0.68,0.68
173,Abdulla Al Hashash,FW,bh Bahrain,1,3,1,33.3,2.03,0.68,0.33,1,,0,0,2,3,0,2,0,0,,,0,0,0,0,0,0,0,0,0,0,0,0,0
174,Khaled Al-Hashemi,DF,ae UAE,0,0,0,,0,0,,,,0,0,3,0,0,0,1,0,,,0,0,0,0,0,0,0,0,0,0,0,0,0
175,Jalal Hassan,GK,iq Iraq,0,0,0,,0,0,,,,0,0,0,1,0,0,0,0,,,0,1,1,0,0,0,0,0,0,0.76,0.76,0,0.76
176,Reo Hatate,MF,jp Japan,0,2,0,0,1.51,0,0,,,0,0,3,2,1,5,0,0,,,0,1,1,0,0,0,0,0,0,0.37,0.37,0,0.37
177,Abdulaziz Hatem,MF,qa Qatar,0,8,2,25,2.95,0.74,0,0,,0,0,1,3,1,1,1,0,,,0,0,0,0,0,0,1,0,0,0,0,0,0
178,Waleed Al Hayam,DF,bh Bahrain,0,1,0,0,0.25,0,0,,,0,0,2,2,0,0,7,5,,,0,0,2,2,0,0,0,0,0.59,0,0.59,0.59,0.59
179,Hassan Al-Haydos,"MF,FW",qa Qatar,2,6,2,33.3,1.76,0.59,0.33,1,,0,0,3,2,0,3,1,3,,,0,0,0,0,0,0,0,0,0,0,0,0,0
180,Syihan Hazmi,GK,my Malaysia,0,0,0,,0,0,,,,0,0,0,0,0,0,0,1,,,1,0,1,0,1,1,0,0,0.32,0,0.32,0,0
181,Hwang Hee-chan,"MF,FW",kr Korea Republic,1,8,3,37.5,2.56,0.96,0,0,,1,1,2,10,1,7,3,1,,,0,0,0,0,0,0,0,0,0,0,0,0,0
182,Chang Hei Yin,FW,hk Hong Kong,0,0,0,,0,0,,,,0,0,0,0,0,0,0,0,,,0,0,0,0,0,0,0,0,0,0,0,0,0
183,Hilal El-Helwe,"FW,MF",lb Lebanon,0,1,0,0,1.96,0,0,,,0,0,3,1,0,0,0,0,,,0,0,0,0,0,0,0,0,0,0,0,0,0
184,Pansa Hemviboon,DF,th Thailand,0,0,0,,0,0,,,,0,0,0,1,0,0,3,1,,,0,1,1,0,0,0,1,0,0,0.24,0.24,0,0.24
185,Ibrahim Hesar,FW,sy Syria,0,8,2,25,1.91,0.48,0,0,,0,0,13,13,2,4,0,4,,,0,0,3,1,2,2,1,0,0.45,0,0.45,0.15,0.15
186,Son Heung-min,"FW,MF",kr Korea Republic,3,23,10,43.5,3.45,1.5,0.04,0.1,,2,2,3,10,6,5,1,2,,,0,0,0,0,0,0,0,0,0,0,0,0,0
187,Mao Hosoya,FW,jp Japan,0,1,1,100,1.96,1.96,0,0,,0,0,0,0,0,0,0,0,,,0,0,0,0,0,0,0,0,0,0,0,0,0
188,Majid Hosseini,DF,ir IR Iran,0,0,0,,0,0,,,,0,0,2,1,0,0,5,2,,,0,0,0,0,0,0,1,0,0,0,0,0,0
189,Justin Hubner,"MF,DF",id Indonesia,0,2,1,50,0.5,0.25,0,0,,0,0,8,2,0,8,9,2,,,1,0,0,0,0,0,0,0,0,0,0,0,0
190,Mahdi Al Humaidan,FW,bh Bahrain,0,0,0,,0,0,,,,0,0,2,1,0,4,1,0,,,0,1,1,0,0,0,0,0,0,0.5,0.5,0,0.5
191,?? Hùng D?ng,MF,vn Vietnam,0,0,0,,0,0,,,,0,0,2,2,0,4,2,6,,,0,0,0,0,0,0,0,0,0,0,0,0,0
192,Yapp Hung Fai,GK,hk Hong Kong,0,0,0,,0,0,,,,0,0,0,1,0,0,0,0,,,0,0,6,5,1,2,2,1,2.74,0,2.74,2.28,2.28
193,Ayman Hussein,FW,iq Iraq,6,11,6,54.5,5.03,2.74,0.45,0.83,,1,2,4,2,0,0,0,3,,,0,0,0,0,0,0,1,0,0,0,0,0,0
194,Oh Hyeongyu,FW,kr Korea Republic,0,3,0,0,5.09,0,0,,,0,0,1,2,1,1,1,2,,,0,0,0,0,0,0,0,0,0,0,0,0,0
195,Cho Hyun-woo,GK,kr Korea Republic,0,0,0,,0,0,,,,0,0,0,1,0,0,0,0,,,0,0,0,0,0,0,0,0,0,0,0,0,0
196,Yang Hyunjun,FW,kr Korea Republic,0,1,1,100,1.96,1.96,0,0,,0,0,0,0,0,3,0,1,,,0,0,0,0,0,0,0,0,0,0,0,0,0
197,Hong Hyunseok,MF,kr Korea Republic,0,3,0,0,1.75,0,0,,,0,0,1,0,0,3,1,0,,,0,0,0,0,0,0,1,0,0,0,0,0,0
198,Khaled Ibrahim,DF,ae UAE,0,0,0,,0,0,,,,0,0,1,1,0,5,3,2,,,0,0,0,0,0,0,1,0,0,0,0,0,0
199,Abdulla Idrees,DF,ae UAE,0,1,0,0,0.33,0,0,,,0,0,2,3,0,1,4,5,,,0,1,2,1,0,0,2,0,0.18,0.18,0.35,0.18,0.35
200,Hwang In-beom,MF,kr Korea Republic,1,8,2,25,1.41,0.35,0.13,0.5,,0,0,7,8,0,14,6,11,,,0,0,0,0,0,0,0,0,0,0,0,0,0
201,Natxo Insa,MF,my Malaysia,0,0,0,,0,0,,,,0,0,0,1,0,0,0,1,,,0,0,0,0,0,0,0,0,0,0,0,0,0
202,Zidane Iqbal,MF,iq Iraq,0,4,1,25,1.94,0.48,0,0,,0,0,0,3,0,1,0,1,,,0,0,2,2,0,0,0,0,0.37,0,0.37,0.37,0.37
203,Jackson Irvine,MF,au Australia,2,12,3,25,2.25,0.56,0.17,0.67,,0,0,5,1,0,6,2,7,,,0,0,0,0,0,0,0,0,0,0,0,0,0
204,Jamshid Iskanderov,"FW,MF",uz Uzbekistan,0,1,0,0,3.91,0,0,,,0,0,0,0,0,1,0,0,,,0,0,0,0,0,0,1,0,0,0,0,0,0
205,Ko Itakura,DF,jp Japan,0,4,1,25,1,0.25,0,0,,0,0,4,2,0,0,1,2,,,0,0,0,0,0,0,0,0,0,0,0,0,0
206,Hiroki Ito,DF,jp Japan,0,2,0,0,0.67,0,0,,,0,0,4,0,0,8,3,1,,,0,0,0,0,0,0,1,0,0,0,0,0,0
207,Junya Ito,MF,jp Japan,0,2,1,50,1.07,0.54,0,0,,0,0,2,1,2,11,1,1,,,0,0,0,0,0,0,1,0,0,0,0,0,0
208,Ataa Jaber,MF,ps Palestine,0,2,0,0,6.43,0,0,,,0,0,1,0,0,0,0,0,,,0,0,0,0,0,0,1,0,0,0,0,0,0
209,Lee Jae-sung,MF,kr Korea Republic,0,4,0,0,0.83,0,0,,,0,0,10,7,2,7,7,18,,,0,1,3,0,2,2,0,0,0.4,0.2,0.6,0,0.2
210,Alireza Jahanbakhsh,MF,ir IR Iran,2,13,4,30.8,2.62,0.81,0,0,,2,2,7,7,0,17,2,2,,,0,1,3,2,0,0,0,0,0.66,0.33,0.99,0.66,0.99
211,Supachai Jaided,FW,th Thailand,2,4,2,50,1.31,0.66,0.5,1,,0,0,5,2,2,4,1,1,,,0,0,0,0,0,0,0,0,0,0,0,0,0
212,Ahmad Jamil,DF,ae UAE,0,0,0,,0,0,,,,0,0,0,0,0,0,0,2,,,0,3,3,0,0,0,0,0,0,0.9,0.9,0,0.9
213,Ali Jasim,MF,iq Iraq,0,9,3,33.3,2.69,0.9,0,0,,0,0,0,4,1,20,3,4,,,0,0,0,0,0,0,0,0,0,0,0,0,0
214,Ivar Jenner,MF,id Indonesia,0,1,0,0,0.26,0,0,,,0,0,4,7,0,0,6,7,,,0,0,0,0,0,0,0,0,0,0,0,0,0
215,Sandesh Jhingan,DF,in India,0,0,0,,0,0,,,,0,0,1,1,0,0,1,1,,,0,0,0,0,0,0,0,0,0,0,0,0,0
216,Kim Jin-su,DF,kr Korea Republic,0,1,0,0,5.63,0,0,,,0,0,0,0,0,1,1,0,,,0,0,0,0,0,0,0,0,0,0,0,0,0
217,Park Jinseob,DF,kr Korea Republic,0,3,1,33.3,9.31,3.1,0,0,,0,0,3,0,0,0,1,0,,,0,0,0,0,0,0,0,0,0,0,0,0,0
218,Kayrat J?rgalbek uulu,"MF,DF",kg Kyrgyz Republic,0,1,1,100,0.56,0.56,0,0,,0,0,2,1,0,6,3,3,,,0,0,0,0,0,0,0,0,0,0,0,0,0
219,Samer Jondi,DF,ps Palestine,0,1,0,0,90,0,0,,,0,0,0,0,0,1,0,0,,,0,1,1,0,0,0,1,0,0,0.36,0.36,0,0.36
220,Gethin Jones,DF,au Australia,0,0,0,,0,0,,,,0,0,2,3,0,4,2,3,,,0,1,1,0,0,0,0,0,0,0.75,0.75,0,0.75
221,Paulo Josué,FW,my Malaysia,0,1,1,100,0.75,0.75,0,0,,0,0,4,1,1,5,0,0,,,0,0,1,1,0,0,0,0,0.36,0,0.36,0.36,0.36
222,Bassel Jradi,"MF,FW",lb Lebanon,1,6,2,33.3,2.16,0.72,0.17,0.5,,0,0,3,4,0,2,1,3,,,0,0,0,0,0,0,0,0,0,0,0,0,0
223,Juninho,DF,hk Hong Kong,0,1,0,0,2.57,0,0,,,0,0,1,2,0,5,0,0,,,0,0,0,0,0,0,0,0,0,0,0,0,0
224,Yan Junling,GK,cn China PR,0,0,0,,0,0,,,,0,0,0,0,0,0,0,0,,,0,1,1,0,0,0,1,0,0,0.19,0.19,0,0.19
225,Zoir Juraboev,DF,tj Tajikistan,0,1,1,100,0.19,0.19,0,0,,0,0,4,5,0,1,6,5,,,0,0,0,0,0,0,0,0,0,0,0,0,0
226,Tse Ka Wing,GK,hk Hong Kong,0,0,0,,0,0,,,,0,0,0,0,0,0,0,0,,,0,0,0,0,0,0,0,0,0,0,0,0,0
227,Ahmed Al Kaabi,DF,om Oman,0,0,0,,0,0,,,,0,0,2,0,0,14,5,2,,,0,0,0,0,0,0,0,0,0,0,0,0,0
228,Hassan Kadesh,DF,sa Saudi Arabia,0,0,0,,0,0,,,,0,0,1,0,0,3,2,1,,,0,0,0,0,0,0,0,0,0,0,0,0,0
229,Adil Kadirjanov,MF,kg Kyrgyz Republic,0,0,0,,0,0,,,,0,0,0,0,0,0,0,1,,,0,0,0,0,0,0,0,0,0,0,0,0,0
230,Kritsada Kaman,MF,th Thailand,0,0,0,,0,0,,,,0,0,0,1,0,0,2,1,,,0,0,0,0,0,0,0,0,0,0,0,0,0
231,Ricky Kambuaya,MF,id Indonesia,0,0,0,,0,0,,,,0,0,1,0,0,1,0,1,,,0,0,0,0,0,0,0,1,0,0,0,0,0
232,Amadoni Kamolov,MF,tj Tajikistan,0,3,0,0,1.6,0,0,,,0,0,5,6,0,6,1,1,,,0,0,0,0,0,0,2,0,0,0,0,0,0
233,Hossein Kanaanizadegan,DF,ir IR Iran,0,3,2,66.7,0.6,0.4,0,0,,0,0,4,3,0,0,4,3,,,0,1,3,2,0,0,1,0,0.3,0.15,0.45,0.3,0.45
234,Lee Kang-in,"MF,FW",kr Korea Republic,2,16,10,62.5,2.4,1.5,0.13,0.2,,0,0,8,14,3,69,2,7,,,0,0,0,0,0,0,0,0,0,0,0,0,0
235,Worachit Kanitsribampen,MF,th Thailand,0,1,0,0,0.74,0,0,,,0,0,0,0,1,0,1,2,,,0,0,1,1,0,0,0,0,0.3,0,0.3,0.3,0.3
236,Mohamed Kanno,MF,sa Saudi Arabia,1,11,2,18.2,3.26,0.59,0.09,0.5,,0,0,3,1,0,0,0,4,,,0,0,0,0,0,0,1,0,0,0,0,0,0
237,Ahmed Al-Kassar,GK,sa Saudi Arabia,0,0,0,,0,0,,,,0,0,0,1,0,0,0,0,,,0,0,0,0,0,0,0,0,0,0,0,0,0
238,Abdullah Al-Khaibari,"MF,DF",sa Saudi Arabia,0,3,1,33.3,1,0.33,0,0,,0,0,3,4,0,0,0,6,,,0,0,0,0,0,0,0,0,0,0,0,0,0
239,Abdulla Al Khalasi,DF,bh Bahrain,0,0,0,,0,0,,,,0,0,3,1,0,2,4,4,,,0,0,0,0,0,0,1,0,0,0,0,0,0
240,Mohammed Khalil,DF,ps Palestine,0,0,0,,0,0,,,,0,0,4,0,0,5,2,1,,,0,0,1,1,0,0,1,1,0.21,0,0.21,0.21,0.21
241,Shoja' Khalilzadeh,DF,ir IR Iran,1,4,2,50,0.83,0.42,0.25,0.5,,0,0,6,2,0,0,2,8,,,0,0,0,0,0,0,0,0,0,0,0,0,0
242,Khalil Khamis,DF,lb Lebanon,0,4,1,25,2,0.5,0,0,,0,0,1,0,0,0,4,2,,,0,0,0,0,0,0,1,0,0,0,0,0,0
243,Ahmed Al Khamisi,DF,om Oman,0,0,0,,0,0,,,,0,0,3,3,0,0,5,1,,,0,0,0,0,0,0,0,0,0,0,0,0,0
244,Patiwat Khammai,GK,th Thailand,0,0,0,,0,0,,,,0,0,0,0,0,0,0,0,,,0,0,2,1,1,1,1,0,1.01,0,1.01,0.51,0.51
245,Omar Kharbin,FW,sy Syria,2,5,2,40,2.53,1.01,0.2,0.5,,1,1,2,1,1,2,1,0,,,0,0,0,0,0,0,0,0,0,0,0,0,0
246,Oday Kharoub,MF,ps Palestine,0,1,1,100,0.26,0.26,0,0,,0,0,5,5,0,7,2,2,,,0,0,0,0,0,0,0,0,0,0,0,0,0
247,Ebrahim Al Khatal,FW,bh Bahrain,0,0,0,,0,0,,,,0,0,0,0,0,0,0,1,,,0,0,0,0,0,0,0,0,0,0,0,0,0
248,Jasim Khelaif,MF,bh Bahrain,0,0,0,,0,0,,,,0,0,0,0,0,0,0,0,,,0,0,0,0,0,0,0,0,0,0,0,0,0
249,Boualem Khoukhi,DF,qa Qatar,0,1,0,0,0.46,0,0,,,0,0,0,3,1,0,2,1,,,0,0,0,0,0,0,1,0,0,0,0,0,0
250,Lee Ki-je,DF,kr Korea Republic,0,1,1,100,0.94,0.94,0,0,,0,0,4,0,0,1,1,1,,,0,0,0,0,0,0,1,0,0,0,0,0,0
251,Marc Klok,MF,id Indonesia,0,0,0,,0,0,,,,0,0,1,0,0,2,0,1,,,0,0,1,1,0,0,0,0,0.57,0,0.57,0.57,0.57
252,Joel Kojo,FW,kg Kyrgyz Republic,1,5,1,20,2.85,0.57,0.2,1,,0,0,3,2,5,1,0,0,,,0,0,0,0,0,0,0,0,0,0,0,0,0
253,Tamirlan Kozubaev,DF,kg Kyrgyz Republic,0,0,0,,0,0,,,,0,0,3,0,0,0,7,5,,,0,0,0,0,0,0,0,0,0,0,0,0,0
254,Rahul KP,MF,in India,0,1,0,0,2,0,0,,,0,0,0,0,0,0,0,0,,,0,0,0,0,0,0,0,0,0,0,0,0,0
255,Thaer Krouma,DF,sy Syria,0,2,0,0,0.46,0,0,,,0,0,0,3,0,3,1,6,,,0,1,2,1,0,0,0,0,0.32,0.32,0.64,0.32,0.64
256,Takefusa Kubo,MF,jp Japan,1,4,1,25,1.28,0.32,0.25,1,,0,0,2,9,1,28,1,3,,,0,0,0,0,0,0,0,0,0,0,0,0,0
257,Daniel Kuri,FW,lb Lebanon,0,1,1,100,10,10,0,0,,0,0,0,0,0,3,0,0,,,0,0,0,0,0,0,1,0,0,0,0,0,0
258,Syamer Kutty Abba,MF,my Malaysia,0,0,0,,0,0,,,,0,0,3,2,0,2,0,0,,,0,1,1,0,0,0,0,0,0,0.3,0.3,0,0.3
259,Ali Lajami,DF,sa Saudi Arabia,0,3,0,0,0.9,0,0,,,0,0,2,3,0,0,1,2,,,0,0,0,0,0,0,0,0,0,0,0,0,0
260,Wu Lei,FW,cn China PR,0,5,2,40,2.8,1.12,0,0,,0,0,0,2,0,0,0,1,,,0,0,0,0,0,0,0,0,0,0,0,0,0
261,Lin Liangming,MF,cn China PR,0,2,0,0,1.53,0,0,,,0,0,3,2,0,1,0,2,,,0,0,0,0,0,0,1,0,0,0,0,0,0
262,Vasudeva Lilley Núñez,DF,hk Hong Kong,0,0,0,,0,0,,,,0,0,5,0,0,0,4,1,,,0,0,0,0,0,0,0,0,0,0,0,0,0
263,Fábio Virginio de Lima,MF,ae UAE,0,6,3,50,2.33,1.16,0,0,,0,0,1,0,1,14,0,1,,,0,0,0,0,0,0,0,0,0,0,0,0,0
264,Zhang Linpeng,DF,cn China PR,0,3,1,33.3,1,0.33,0,0,,0,0,6,3,0,5,7,5,,,0,0,0,0,0,0,0,0,0,0,0,0,0
265,Darren Lok,FW,my Malaysia,0,0,0,,0,0,,,,0,0,0,2,0,1,0,2,,,0,0,0,0,0,0,2,1,0,0,0,0,0
266,Lê Ph?m Thành Long,MF,vn Vietnam,0,1,0,0,1.01,0,0,,,0,0,3,1,0,1,0,0,,,0,0,0,0,0,0,0,0,0,0,0,0,0
267,Tan Long,FW,cn China PR,0,1,1,100,0.92,0.92,0,0,,0,0,1,1,2,0,0,0,,,0,0,0,0,0,0,0,0,0,0,0,0,0
268,Ebrahim Lutfalla,GK,bh Bahrain,0,0,0,,0,0,,,,0,0,0,0,0,0,0,0,,,0,0,0,0,0,0,0,0,0,0,0,0,0
269,Hassan Maatouk,FW,lb Lebanon,0,5,3,60,2.3,1.38,0,0,,0,0,1,1,1,9,0,0,,,0,0,0,0,0,0,0,0,0,0,0,0,0
270,?ervon? Mabat?oev,MF,tj Tajikistan,0,4,0,0,1.41,0,0,,,0,0,6,5,2,5,0,1,,,0,0,0,0,0,0,0,0,0,0,0,0,0
271,Koki Machida,DF,jp Japan,0,1,0,0,0.89,0,0,,,0,0,1,0,0,0,3,2,,,0,1,2,1,0,0,1,0,0.28,0.28,0.56,0.28,0.56
272,Ali Madan,"MF,FW",bh Bahrain,1,8,2,25,2.24,0.56,0.13,0.5,,0,0,2,17,3,5,2,6,,,0,0,0,0,0,0,0,0,0,0,0,0,0
273,Ahmad Madanieh,GK,sy Syria,0,0,0,,0,0,,,,0,0,0,3,0,0,0,0,,,0,0,0,0,0,0,1,0,0,0,0,0,0
274,Montader Madjed,FW,iq Iraq,0,2,0,0,3.16,0,0,,,0,0,1,0,0,1,1,0,,,0,0,0,0,0,0,0,0,0,0,0,0,0
275,Daizen Maeda,MF,jp Japan,0,1,0,0,0.85,0,0,,,0,0,0,1,2,3,1,3,,,0,0,0,0,0,0,1,0,0,0,0,0,0
276,Ameed Mahajneh,MF,ps Palestine,0,4,2,50,2.11,1.05,0,0,,0,0,3,1,0,1,3,2,,,0,0,0,0,0,0,0,0,0,0,0,0,0
277,Sayed Mahdi Baqer,DF,bh Bahrain,0,1,1,100,0.29,0.29,0,0,,0,0,2,1,1,0,4,3,,,0,1,1,0,0,0,1,0,0,0.32,0.32,0,0.32
278,Seiya Maikuma,DF,jp Japan,0,1,0,0,0.32,0,0,,,0,0,4,5,0,3,4,2,,,0,0,0,0,0,0,0,0,0,0,0,0,0
279,Abdulellah Al-Malki,MF,sa Saudi Arabia,0,2,0,0,2.37,0,0,,,0,0,2,0,0,0,1,2,,,0,0,0,0,0,0,0,0,0,0,0,0,0
280,Omer Al Malki,FW,om Oman,0,1,0,0,9,0,0,,,0,0,0,1,0,0,0,0,,,0,0,0,0,0,0,0,0,0,0,0,0,0
281,Süyüntbek Mam?raliev,DF,kg Kyrgyz Republic,0,0,0,,0,0,,,,0,0,0,1,0,3,0,3,,,0,0,0,0,0,0,0,0,0,0,0,0,0
282,Nour Mansour,DF,lb Lebanon,0,1,1,100,0.84,0.84,0,0,,0,0,0,0,0,0,1,0,,,0,0,2,2,0,0,0,0,0.41,0,0.41,0.41,0.41
283,Mahmoud Al-Mardi,"MF,FW",jo Jordan,2,10,3,30,2.03,0.61,0.2,0.67,,0,0,8,2,1,24,4,6,,,0,0,0,0,0,0,0,0,0,0,0,0,0
284,Bara' Marei,DF,jo Jordan,0,1,0,0,0.94,0,0,,,0,0,0,0,0,0,0,2,,,0,0,0,0,0,0,0,0,0,0,0,0,0
285,Mohamed Marhoon,"MF,FW",bh Bahrain,0,5,1,20,1.54,0.31,0,0,,0,0,2,8,1,4,3,2,,,0,2,2,0,0,0,0,0,0,0.46,0.46,0,0.46
286,Jaloliddin Masharipov,"MF,FW",uz Uzbekistan,0,6,2,33.3,1.38,0.46,0,0,,0,0,10,6,3,24,6,7,,,0,0,0,0,0,0,0,0,0,0,0,0,0
287,'Abdallah Al Mashrafi,FW,om Oman,0,0,0,,0,0,,,,0,0,0,0,0,0,0,0,,,0,0,0,0,0,0,1,0,0,0,0,0,0
288,Mostafa Matar,GK,lb Lebanon,0,1,0,0,0.33,0,0,,,0,0,0,0,0,0,0,0,,,0,0,0,0,0,0,0,0,0,0,0,0,0
289,Egy Maulana,MF,id Indonesia,0,1,0,0,0.65,0,0,,,0,0,0,5,0,1,2,0,,,0,1,1,0,0,0,1,0,0,0.36,0.36,0,0.36
290,Riley McGree,MF,au Australia,0,3,0,0,1.07,0,0,,,0,0,2,4,2,5,1,5,,,0,0,1,1,0,0,0,0,0.68,0,0.68,0.68,0.68
291,Meme,FW,iq Iraq,1,7,2,28.6,4.77,1.36,0.14,0.5,,0,0,1,0,4,2,0,1,,,0,0,0,0,0,0,0,0,0,0,0,0,0
292,Lucas Mendes,DF,qa Qatar,0,4,1,25,0.63,0.16,0,0,,0,0,4,2,0,2,8,4,,,0,0,0,0,0,0,0,0,0,0,0,0,0
293,Kai Merk,MF,kg Kyrgyz Republic,0,1,0,0,0.78,0,0,,,0,0,1,4,0,4,1,2,,,0,0,0,0,0,0,0,1,0,0,0,0,0
294,Kimi Merk,"MF,FW",kg Kyrgyz Republic,0,2,1,50,1.28,0.64,0,0,,0,0,2,6,0,0,2,0,,,0,0,0,0,0,0,0,0,0,0,0,0,0
295,Mostafa Meshaal,MF,qa Qatar,0,0,0,,0,0,,,,0,0,0,2,0,4,0,1,,,0,0,0,0,0,0,0,0,0,0,0,0,0
296,Connor Metcalfe,MF,au Australia,0,8,1,12.5,3.03,0.38,0,0,,0,0,3,1,0,8,0,0,,,0,0,0,0,0,0,0,0,0,0,0,0,0
297,Alexander Michel,DF,lb Lebanon,0,1,0,0,0.36,0,0,,,0,0,4,2,0,0,3,3,,,0,0,0,0,0,0,1,0,0,0,0,0,0
298,Nicholas Mickelson,DF,th Thailand,0,0,0,,0,0,,,,0,0,7,4,0,8,0,2,,,0,0,0,0,0,0,0,0,0,0,0,0,0
299,Lewis Miller,DF,au Australia,0,0,0,,0,0,,,,0,0,3,2,0,0,1,0,,,0,1,1,0,0,0,2,0,0,0.18,0.18,0,0.18
300,Kim Min-jae,DF,kr Korea Republic,0,2,1,50,0.37,0.18,0,0,,0,0,3,2,1,1,10,5,,,0,1,3,2,0,0,1,0,0.74,0.37,1.11,0.74,1.11
301,Takumi Minamino,MF,jp Japan,2,6,3,50,2.22,1.11,0.33,0.67,,0,0,7,7,0,3,4,4,,,0,0,0,0,0,0,0,0,0,0,0,0,0
302,Sun Ming Him,MF,hk Hong Kong,0,0,0,,0,0,,,,0,0,0,0,0,0,2,0,,,0,0,0,0,0,0,0,0,0,0,0,0,0
303,Võ Minh Tr?ng,"DF,MF",vn Vietnam,0,1,0,0,0.37,0,0,,,0,0,2,3,0,5,2,5,,,0,0,0,0,0,0,1,0,0,0,0,0,0
304,Aleksandr Misçenko,DF,kg Kyrgyz Republic,0,0,0,,0,0,,,,0,0,3,1,0,4,3,3,,,0,0,0,0,0,0,0,0,0,0,0,0,0
305,Akash Mishra,DF,in India,0,1,0,0,0.46,0,0,,,0,0,0,3,0,2,1,0,,,0,0,0,0,0,0,0,0,0,0,0,0,0
306,Kaoru Mitoma,"FW,MF",jp Japan,0,0,0,,0,0,,,,0,0,2,0,0,1,0,1,,,0,0,0,0,0,0,0,0,0,0,0,0,0
307,Shahriar Moghanlou,FW,ir IR Iran,0,2,0,0,2.65,0,0,,,0,0,3,3,1,0,0,0,,,0,0,0,0,0,0,0,0,0,0,0,0,0
308,Ismaeel Mohammad,FW,qa Qatar,0,1,1,100,0.49,0.49,0,0,,0,0,5,3,1,9,2,6,,,0,1,1,0,0,0,0,0,0,0.4,0.4,0,0.4
309,Milad Mohammadi,DF,ir IR Iran,0,2,0,0,0.8,0,0,,,0,0,2,4,0,8,3,3,,,0,0,0,0,0,0,1,0,0,0,0,0,0
310,Sadegh Moharrami,DF,ir IR Iran,0,0,0,,0,0,,,,0,0,1,4,0,2,3,3,,,0,0,1,1,0,0,1,0,0.31,0,0.31,0.31,0.31
311,Mohammad Mohebbi,MF,ir IR Iran,1,4,1,25,1.25,0.31,0.25,1,,0,0,9,9,0,3,2,2,,,0,0,0,0,0,0,0,0,0,0,0,0,0
312,Allan Mohideen,DF,iq Iraq,0,0,0,,0,0,,,,0,0,1,0,0,2,0,1,,,0,0,1,1,0,0,0,0,1.14,0,1.14,1.14,1.14
313,Romel Morales,FW,my Malaysia,1,3,2,66.7,3.42,2.28,0.33,0.5,,0,0,0,1,0,0,1,2,,,0,0,1,1,0,0,0,0,0.31,0,0.31,0.31,0.31
314,Hidemasa Morita,MF,jp Japan,1,4,2,50,1.23,0.61,0.25,0.5,,0,0,3,1,1,1,1,4,,,0,0,0,0,0,0,0,0,0,0,0,0,0
315,Suphanat Mueanta,MF,th Thailand,0,5,2,40,2.27,0.91,0,0,,0,0,1,3,0,3,1,1,,,0,0,0,0,0,0,0,0,0,0,0,0,0
316,Ibrahim Al Mukhaini,GK,om Oman,0,0,0,,0,0,,,,0,0,0,2,0,0,0,0,,,0,0,0,0,0,0,2,0,0,0,0,0,0
317,Khalid Muneer,FW,qa Qatar,0,3,0,0,1.72,0,0,,,0,0,5,2,1,1,0,1,,,0,0,0,0,0,0,0,0,0,0,0,0,0
318,Farhat Musabekov,MF,kg Kyrgyz Republic,0,3,0,0,2.05,0,0,,,0,0,3,2,0,2,2,0,,,0,0,0,0,0,0,0,0,0,0,0,0,0
319,Abdul Rahman Al Mushaifri,FW,om Oman,0,1,1,100,0.68,0.68,0,0,,0,0,3,5,1,0,0,2,,,0,0,0,0,0,0,1,0,0,0,0,0,0
320,Eid Al Muwallad,DF,sa Saudi Arabia,0,0,0,,0,0,,,,0,0,1,0,0,0,0,0,,,0,0,0,0,0,0,0,0,0,0,0,0,0
321,Yahia Nader,MF,ae UAE,0,1,0,0,0.59,0,0,,,0,0,1,3,0,0,1,2,,,0,2,6,4,0,0,2,0,0.63,0.31,0.94,0.63,0.94
322,Yazan Al Naimat,FW,jo Jordan,4,23,10,43.5,3.6,1.57,0.17,0.4,,0,0,11,6,4,1,3,5,,,0,0,0,0,0,0,0,0,0,0,0,0,0
323,Sami Al-Najei,FW,sa Saudi Arabia,0,1,0,0,0.65,0,0,,,0,0,2,3,0,10,1,1,,,0,0,0,0,0,0,0,0,0,0,0,0,0
324,Raghid Najjar,GK,sa Saudi Arabia,0,0,0,,0,0,,,,0,0,0,0,0,0,0,0,,,0,0,1,1,0,0,0,0,0.46,0,0.46,0.46,0.46
325,Keito Nakamura,"FW,MF",jp Japan,1,5,1,20,2.3,0.46,0.2,1,,0,0,2,0,2,2,0,0,,,0,0,0,0,0,0,0,0,0,0,0,0,0
326,Yuta Nakayama,DF,jp Japan,0,1,0,0,0.5,0,0,,,0,0,4,0,0,4,5,3,,,0,0,0,0,0,0,1,0,0,0,0,0,0
327,Abdallah Nasib,DF,jo Jordan,0,3,1,33.3,0.43,0.14,0,0,,0,0,10,4,0,0,10,17,,,0,0,1,1,0,0,0,0,1,0,1,1,1
328,Sherzod Nasrullayev,DF,uz Uzbekistan,1,3,1,33.3,3,1,0.33,1,,0,0,1,1,0,11,2,1,,,0,0,0,0,0,0,0,0,0,0,0,0,0
329,Nassar Nassar,MF,lb Lebanon,0,0,0,,0,0,,,,0,0,1,4,0,2,5,2,,,0,0,0,0,0,0,0,0,0,0,0,0,0
330,Bader Nasser,DF,ae UAE,0,0,0,,0,0,,,,0,0,1,2,0,6,2,4,,,1,0,1,1,0,0,1,0,0.36,0,0.36,0.36,0.36
331,Saad Natiq,DF,iq Iraq,1,2,1,50,0.71,0.36,0.5,1,,0,0,3,0,0,0,7,2,,,0,0,0,0,0,0,0,0,0,0,0,0,0
332,Ahtam Nazarov,DF,tj Tajikistan,0,2,0,0,0.38,0,0,,,0,0,1,3,0,18,4,6,,,0,0,0,0,0,0,0,0,0,0,0,0,0
333,Li Ngai Hoi,DF,hk Hong Kong,0,2,0,0,1.18,0,0,,,0,0,6,0,1,0,3,1,,,0,0,0,0,0,0,0,0,0,0,0,0,0
334,Lê Ng?c B?o,DF,vn Vietnam,0,1,1,100,1.18,1.18,0,0,,0,0,0,0,0,0,0,2,,,0,0,0,0,0,0,0,0,0,0,0,0,0
335,Filip Nguyen,GK,vn Vietnam,0,0,0,,0,0,,,,0,0,0,0,0,0,0,0,,,0,0,0,0,0,0,1,1,0,0,0,0,0
336,Aiden O'Neill,MF,au Australia,0,0,0,,0,0,,,,0,0,5,6,0,0,0,1,,,0,0,0,0,0,0,3,0,0,0,0,0,0
337,Ali Olwan,FW,jo Jordan,0,10,5,50,1.72,0.86,0,0,,0,0,6,8,1,9,1,4,,,0,0,0,0,0,0,1,0,0,0,0,0,0
338,Matthew Orr,"FW,MF",hk Hong Kong,0,6,3,50,2.14,1.07,0,0,,0,0,3,1,1,4,0,1,,,0,0,0,0,0,0,0,0,0,0,0,0,0
339,Aiham Ousou,DF,sy Syria,0,3,1,33.3,0.69,0.23,0,0,,0,0,6,0,0,1,7,3,,,0,0,0,0,0,0,0,0,0,0,0,0,0
340,Ishan Pandita,FW,in India,0,0,0,,0,0,,,,0,0,0,0,0,0,0,0,,,0,1,1,0,0,0,1,0,0,0.19,0.19,0,0.19
341,Ehson Panjshanbe,MF,tj Tajikistan,0,11,1,9.1,2.06,0.19,0,0,,0,0,5,15,1,28,0,8,,,0,0,0,0,0,0,0,0,0,0,0,0,0
342,Shayne Pattynama,DF,id Indonesia,0,0,0,,0,0,,,,0,0,0,1,0,2,2,0,,,0,0,0,0,0,0,0,0,0,0,0,0,0
343,Xie Pengfei,"FW,MF",cn China PR,0,5,1,20,5.42,1.08,0,0,,0,0,2,2,0,13,2,2,,,0,0,0,0,0,0,0,0,0,0,0,0,0
344,Bodin Phala,MF,th Thailand,0,3,1,33.3,1.96,0.65,0,0,,0,0,1,3,0,2,2,2,,,0,0,0,0,0,0,0,0,0,0,0,0,0
345,Teerasak Poeiphimai,FW,th Thailand,0,1,0,0,1.05,0,0,,,0,0,0,0,1,0,0,0,,,0,0,0,0,0,0,0,0,0,0,0,0,0
346,Weerathep Pomphun,MF,th Thailand,0,1,0,0,0.32,0,0,,,0,0,3,4,0,5,3,5,,,0,0,0,0,0,0,0,0,0,0,0,0,0
347,Nikhil Poojari,DF,in India,0,0,0,,0,0,,,,0,0,5,3,0,7,5,1,,,0,0,0,0,0,0,0,0,0,0,0,0,0
348,Rungrath Poomchantuek,MF,th Thailand,0,1,0,0,1.2,0,0,,,0,0,2,1,1,0,0,1,,,0,0,0,0,0,0,0,0,0,0,0,0,0
349,Jakkapan Praisuwan,DF,th Thailand,0,0,0,,0,0,,,,0,0,1,1,0,0,3,2,,,0,0,0,0,0,0,0,0,0,0,0,0,0
350,Channarong Promsrikaew,MF,th Thailand,0,0,0,,0,0,,,,0,0,0,1,0,0,0,0,,,0,0,0,0,0,0,0,0,0,0,0,0,0
351,Poon Pui Hin,MF,hk Hong Kong,0,0,0,,0,0,,,,0,0,0,1,0,1,0,0,,,0,0,0,0,0,0,0,0,0,0,0,0,0
352,Wang Qiuming,MF,cn China PR,0,2,0,0,3.1,0,0,,,0,0,1,1,0,0,1,0,,,0,0,1,1,0,0,0,0,0.82,0,0.82,0.82,0.82
353,Nguy?n Quang H?i,FW,vn Vietnam,1,1,1,100,0.82,0.82,1,1,,0,0,0,4,0,1,0,2,,,0,0,0,0,0,0,0,0,0,0,0,0,0
354,Shehab Qumbor,FW,ps Palestine,0,1,0,0,1.08,0,0,,,0,0,3,1,0,0,0,1,,,0,0,1,1,0,0,1,0,0.31,0,0.31,0.31,0.31
355,Zeid Qunbar,FW,ps Palestine,1,5,3,60,1.54,0.92,0.2,0.33,,0,0,7,7,2,4,0,2,,,0,0,0,0,0,0,1,0,0,0,0,0,0
356,Ampntoul Rachman Oues,DF,sy Syria,0,0,0,,0,0,,,,0,0,3,8,0,16,8,9,,,0,0,1,1,0,1,0,0,0.47,0,0.47,0.47,0.47
357,Abdullah Radif,FW,sa Saudi Arabia,1,9,5,55.6,4.2,2.33,0.11,0.2,,0,1,1,4,3,2,0,0,,,0,1,1,0,0,0,0,0,0,0.35,0.35,0,0.35
358,Abdalla Ramadan,MF,ae UAE,0,4,1,25,1.4,0.35,0,0,,0,0,3,5,0,3,0,4,,,0,0,0,0,0,0,0,0,0,0,0,0,0
359,Amar Ramadan,MF,sy Syria,0,6,1,16.7,1.62,0.27,0,0,,0,0,0,3,0,3,6,7,,,0,1,2,1,0,0,2,0,0.21,0.21,0.43,0.21,0.43
360,Nizar Al Rashdan,MF,jo Jordan,1,5,2,40,1.07,0.43,0.2,0.5,,0,0,4,3,0,3,8,11,,,0,0,0,0,0,0,0,0,0,0,0,0,0
361,Majed Rashed,MF,ae UAE,0,2,0,0,0.81,0,0,,,0,0,6,5,0,0,8,5,,,0,0,0,0,0,0,0,0,0,0,0,0,0
362,Akhyar Rashid,MF,my Malaysia,0,2,0,0,3.53,0,0,,,0,0,0,4,1,2,1,3,,,0,0,0,0,0,0,0,0,0,0,0,0,0
363,Mohammed Rashid,MF,ps Palestine,0,2,0,0,0.95,0,0,,,0,0,1,1,1,8,2,0,,,0,0,1,1,0,0,0,0,0.37,0,0.37,0.37,0.37
364,Osama Rashid,MF,iq Iraq,1,4,1,25,1.48,0.37,0.25,1,,0,0,3,3,0,1,1,3,,,0,0,0,0,0,0,0,0,0,0,0,0,0
365,Safawi Rasid,FW,my Malaysia,0,1,1,100,8.18,8.18,0,0,,0,0,0,0,0,1,0,0,,,0,1,1,0,0,0,0,0,0,5,5,0,5
366,Saleh Rateb,MF,jo Jordan,0,0,0,,0,0,,,,0,0,0,0,0,1,0,1,,,0,0,0,0,0,0,0,0,0,0,0,0,0
367,Noor Al Rawabdeh,MF,jo Jordan,0,6,3,50,1.55,0.78,0,0,,0,0,3,3,0,4,4,6,,,0,0,0,0,0,0,1,0,0,0,0,0,0
368,Bassam Al-Rawi,DF,qa Qatar,0,2,0,0,0.8,0,0,,,0,0,1,9,0,0,1,2,,,0,0,0,0,0,0,0,0,0,0,0,0,0
369,Bashar Resan,FW,iq Iraq,0,0,0,,0,0,,,,0,0,1,1,1,2,0,0,,,0,0,0,0,0,0,0,0,0,0,0,0,0
370,Ramin Rezaeian,DF,ir IR Iran,0,4,1,25,0.81,0.2,0,0,,0,0,4,2,0,35,0,4,,,0,0,0,0,0,0,0,0,0,0,0,0,0
371,Rizky Ridho,DF,id Indonesia,0,2,0,0,0.84,0,0,,,0,0,0,0,0,0,4,1,,,0,0,0,0,0,0,3,0,0,0,0,0,0
372,Ró-Ró,"MF,DF",qa Qatar,0,2,1,50,0.49,0.25,0,0,,0,0,4,11,0,7,7,6,,,0,0,0,0,0,0,0,0,0,0,0,0,0
373,Kye Rowles,DF,au Australia,0,0,0,,0,0,,,,0,0,2,1,0,0,3,0,,,0,0,0,0,0,0,0,0,0,0,0,0,0
374,Mathew Ryan,GK,au Australia,0,0,0,,0,0,,,,0,0,0,1,0,0,0,0,,,0,0,0,0,0,0,0,0,0,0,0,0,0
375,Ibrahim Sa'deh,MF,jo Jordan,0,0,0,,0,0,,,,0,0,1,4,0,0,1,1,,,0,0,0,0,0,0,1,0,0,0,0,0,0
376,Shahrul Saad,DF,my Malaysia,0,1,0,0,0.4,0,0,,,0,0,2,0,0,0,0,0,,,0,0,0,0,0,0,0,0,0,0,0,0,0
377,Soony Saad,"FW,MF",lb Lebanon,0,0,0,,0,0,,,,0,0,0,0,0,1,0,1,,,0,0,0,0,0,0,0,0,0,0,0,0,0
378,Harib Al-Saadi,MF,om Oman,0,1,0,0,0.33,0,0,,,0,0,2,2,0,1,1,4,,,0,0,0,0,0,0,0,0,0,0,0,0,0
379,Pablo Sabbag,FW,sy Syria,0,7,1,14.3,2.61,0.37,0,0,,0,0,8,3,1,0,2,1,,,0,0,0,0,0,0,0,0,0,0,0,0,0
380,Issam Al Sabhi,FW,om Oman,0,3,1,33.3,1.81,0.6,0,0,,0,0,4,3,0,1,1,2,,,0,0,0,0,0,0,0,0,0,0,0,0,0
381,Maher Sabra,MF,lb Lebanon,0,1,1,100,1,1,0,0,,0,0,2,0,0,0,1,2,,,0,0,0,0,0,0,1,0,0,0,0,0,0
382,Manucehr Safarov,DF,tj Tajikistan,0,3,1,33.3,0.56,0.19,0,0,,0,0,5,7,0,13,11,12,,,0,0,0,0,0,0,0,0,0,0,0,0,0
383,Bekjan Sag?nbaev,DF,kg Kyrgyz Republic,0,1,0,0,0.51,0,0,,,0,0,1,0,0,1,0,3,,,0,0,0,0,0,0,1,0,0,0,0,0,0
384,Camilo Saldaña,DF,ps Palestine,0,1,0,0,0.4,0,0,,,0,0,3,4,0,9,1,4,,,0,2,2,0,0,0,0,0,0,0.86,0.86,0,0.86
385,Ali Saleh,MF,ae UAE,0,4,1,25,1.72,0.43,0,0,,0,0,4,1,0,11,0,0,,,0,0,0,0,0,0,0,0,0,0,0,0,0
386,Mataz Saleh,MF,om Oman,0,1,1,100,2,2,0,0,,0,0,0,0,0,0,3,0,,,0,0,0,0,0,0,2,0,0,0,0,0,0
387,Mohammed Saleh,DF,ps Palestine,0,3,1,33.3,0.86,0.29,0,0,,0,0,3,3,0,0,3,5,,,0,0,0,0,0,0,0,0,0,0,0,0,0
388,Tarek Salman,DF,qa Qatar,0,1,0,0,0.26,0,0,,,0,0,6,4,0,1,5,2,,,0,0,0,0,0,0,0,0,0,0,0,0,0
389,Ali Salmeen,MF,ae UAE,0,2,0,0,2.73,0,0,,,0,0,0,1,0,0,0,0,,,0,0,0,0,0,0,0,0,0,0,0,0,0
390,Awn Al Saluli,DF,sa Saudi Arabia,0,1,0,0,0.86,0,0,,,0,0,0,0,0,0,4,1,,,0,0,0,0,0,0,1,0,0,0,0,0,0
391,?ahrom Samiev,FW,tj Tajikistan,0,2,0,0,1.09,0,0,,,0,0,2,5,0,4,0,1,,,0,0,0,0,0,0,0,0,0,0,0,0,0
392,Amantur ?amurzaev,DF,kg Kyrgyz Republic,0,0,0,,0,0,,,,0,0,2,0,0,0,0,1,,,0,0,0,0,0,0,0,0,0,0,0,0,0
393,Kaishu Sano,MF,jp Japan,0,0,0,,0,0,,,,0,0,1,1,0,0,0,0,,,0,0,1,1,0,0,0,0,0.41,0,0.41,0.41,0.41
394,Supachok Sarachat,"MF,FW",th Thailand,1,6,2,33.3,2.43,0.81,0.17,0.5,,0,0,9,3,0,1,0,1,,,0,0,0,0,0,0,0,0,0,0,0,0,0
395,Farrukh Sayfiev,"MF,DF",uz Uzbekistan,0,2,1,50,0.39,0.2,0,0,,0,0,5,7,1,18,1,2,,,0,1,1,0,0,0,1,0,0,0.29,0.29,0,0.29
396,Yakob Sayuri,MF,id Indonesia,0,5,0,0,1.47,0,0,,,0,0,6,1,2,2,4,3,,,0,0,1,1,0,0,0,0,0.7,0,0.7,0.7,0.7
397,Igor Sergeev,FW,uz Uzbekistan,1,4,3,75,2.79,2.09,0.25,0.33,,0,0,5,0,2,0,0,2,,,0,0,0,0,0,0,0,0,0,0,0,0,0
398,Kim Seung-gyu,GK,kr Korea Republic,0,0,0,,0,0,,,,0,0,0,0,0,0,0,0,,,0,0,0,0,0,0,1,0,0,0,0,0,0
399,Jung Seung-hyun,DF,kr Korea Republic,0,1,1,100,0.27,0.27,0,0,,0,0,7,1,1,0,4,4,,,0,0,1,1,0,1,2,0,0.29,0,0.29,0.29,0.29
400,Tamer Seyam,MF,ps Palestine,1,10,3,30,2.89,0.87,0.1,0.33,,0,1,7,4,0,27,2,2,,,0,0,0,0,0,0,0,0,0,0,0,0,0
401,Jasim Al Shaikh,MF,bh Bahrain,0,0,0,,0,0,,,,0,0,1,1,0,2,0,2,,,0,0,0,0,0,0,1,0,0,0,0,0,0
402,Wang Shangyuan,MF,cn China PR,0,1,0,0,0.34,0,0,,,0,0,3,2,0,3,5,2,,,0,0,0,0,0,0,0,0,0,0,0,0,0
403,Saad Al Sheeb,GK,qa Qatar,0,0,0,,0,0,,,,0,0,0,0,0,0,0,0,,,0,0,0,0,0,0,1,0,0,0,0,0,0
404,Saleh Al-Shehri,FW,sa Saudi Arabia,0,10,1,10,5.63,0.56,0,0,,0,0,3,2,2,0,0,2,,,0,0,0,0,0,0,0,0,0,0,0,0,0
405,Feras Shelbaieh,MF,jo Jordan,0,0,0,,0,0,,,,0,0,0,0,0,5,1,1,,,0,0,0,0,0,0,0,0,0,0,0,0,0
406,Jiang Shenglong,DF,cn China PR,0,0,0,,0,0,,,,0,0,1,0,0,0,0,0,,,0,0,0,0,0,0,0,0,0,0,0,0,0
407,Wei Shihao,FW,cn China PR,0,4,1,25,5.45,1.36,0,0,,0,0,1,0,0,0,0,0,,,0,0,0,0,0,0,0,0,0,0,0,0,0
408,Chan Shinichi,DF,hk Hong Kong,0,4,0,0,1.45,0,0,,,0,0,1,4,0,7,1,4,,,0,0,0,0,0,0,0,0,0,0,0,0,0
409,Walid Shour,MF,lb Lebanon,0,1,0,0,0.87,0,0,,,0,0,0,2,0,0,0,3,,,0,1,1,0,0,0,2,0,0,0.23,0.23,0,0.23
410,Otabek Shukurov,MF,uz Uzbekistan,0,13,1,7.7,3,0.23,0,0,,0,0,6,8,0,2,3,2,,,0,0,0,0,0,0,1,0,0,0,0,0,0
411,Sam Silvera,MF,au Australia,0,5,1,20,7.26,1.45,0,0,,0,0,1,1,0,1,3,3,,,0,0,0,0,0,0,1,0,0,0,0,0,0
412,Mahesh Singh,MF,in India,0,2,2,100,1.36,1.36,0,0,,0,0,2,4,1,1,1,1,,,0,0,0,0,0,0,0,0,0,0,0,0,0
413,Manvir Singh,"MF,FW",in India,0,0,0,,0,0,,,,0,0,4,1,5,0,0,1,,,0,0,0,0,0,0,0,0,0,0,0,0,0
414,Gurpreet Singh Sandhu,GK,in India,0,1,0,0,0.33,0,0,,,0,0,0,1,0,0,0,0,,,0,0,0,0,0,0,0,0,0,0,0,0,0
415,Suresh Singh,MF,in India,0,1,1,100,0.49,0.49,0,0,,0,0,4,7,0,3,1,1,,,0,0,0,0,0,0,0,0,0,0,0,0,0
416,Udanta Singh,"FW,MF",in India,0,0,0,,0,0,,,,0,0,0,3,0,3,0,0,,,0,0,0,0,0,0,1,0,0,0,0,0,0
417,Vikram Singh,MF,in India,0,0,0,,0,0,,,,0,0,2,0,0,0,0,0,,,0,0,1,1,0,0,0,0,0.44,0,0.44,0.44,0.44
418,Chan Siu Kwan,MF,hk Hong Kong,1,4,2,50,1.76,0.88,0.25,0.5,,0,0,3,2,1,0,0,2,,,0,0,0,0,0,0,0,0,0,0,0,0,0
419,Rustam Soirov,"MF,FW",tj Tajikistan,0,4,1,25,1.18,0.29,0,0,,0,0,10,4,3,0,1,0,,,0,0,0,0,0,0,0,0,0,0,0,0,0
420,Fawaz Al Soqoor,DF,sa Saudi Arabia,0,0,0,,0,0,,,,0,0,0,0,4,4,2,1,,,0,0,1,1,0,0,2,0,0.19,0,0.19,0.19,0.19
421,Harry Souttar,DF,au Australia,1,5,1,20,0.94,0.19,0.2,1,,0,0,2,4,0,0,4,2,,,0,1,1,0,0,0,1,0,0,0.45,0.45,0,0.45
422,Hasan Srour,MF,lb Lebanon,0,3,2,66.7,1.35,0.9,0,0,,0,0,3,5,0,4,2,3,,,0,0,0,0,0,0,0,0,0,0,0,0,0
423,Nurdoolot Stalbekov,FW,kg Kyrgyz Republic,0,0,0,,0,0,,,,0,0,1,0,0,1,0,0,,,0,0,0,0,0,0,0,0,0,0,0,0,0
424,Stefan,FW,hk Hong Kong,0,1,0,0,1.43,0,0,,,0,0,0,1,1,0,1,0,,,0,0,0,0,0,0,2,0,0,0,0,0,0
425,Rafael Struick,FW,id Indonesia,0,6,1,16.7,1.69,0.28,0,0,,0,0,8,8,2,1,1,0,,,0,0,0,0,0,0,1,0,0,0,0,0,0
426,Yukinari Sugawara,DF,jp Japan,0,2,0,0,1.08,0,0,,,0,0,4,1,0,9,4,3,,,0,0,0,0,0,0,1,0,0,0,0,0,0
427,Ališer Šukurov,MF,tj Tajikistan,0,7,1,14.3,1.38,0.2,0,0,,0,0,12,5,0,0,3,10,,,0,0,0,0,0,0,0,0,0,0,0,0,0
428,Witan Sulaeman,MF,id Indonesia,0,0,0,,0,0,,,,0,0,2,2,1,2,0,3,,,0,0,1,1,0,0,0,0,0.33,0,0.33,0.33,0.33
429,Rebin Sulaka,DF,iq Iraq,1,4,1,25,1.32,0.33,0.25,1,,0,0,2,1,0,1,3,4,,,0,0,1,1,0,0,0,0,0.34,0,0.34,0.34,0.34
430,Zayed Sultan,DF,ae UAE,1,2,2,100,0.68,0.68,0.5,0.5,,0,0,2,2,0,6,1,4,,,0,0,0,0,0,0,0,0,0,0,0,0,0
431,Mohamadou Sumareh,MF,my Malaysia,0,0,0,,0,0,,,,0,0,1,1,2,0,0,0,,,0,0,0,0,0,0,0,0,0,0,0,0,0
432,Zion Suzuki,GK,jp Japan,0,0,0,,0,0,,,,0,0,0,2,0,0,0,0,,,0,1,4,2,1,1,1,0,0.5,0.17,0.67,0.34,0.5
433,Musa Al-Taamari,FW,jo Jordan,3,17,8,47.1,2.85,1.34,0.12,0.25,,1,1,4,13,1,13,3,1,,,0,0,0,0,0,0,0,0,0,0,0,0,0
434,Kim Tae-hwan,"DF,MF",kr Korea Republic,0,0,0,,0,0,,,,0,0,5,3,1,36,5,5,,,0,0,0,0,0,0,0,0,0,0,0,0,0
435,Zaid Tahseen,DF,iq Iraq,0,1,0,0,0.87,0,0,,,0,0,2,3,1,0,1,2,,,0,0,0,0,0,0,1,0,0,0,0,0,0
436,Hassan Al Tambakti,DF,sa Saudi Arabia,0,0,0,,0,0,,,,0,0,3,1,0,4,3,5,,,0,0,0,0,0,0,0,0,0,0,0,0,0
437,Dominic Tan,DF,my Malaysia,0,0,0,,0,0,,,,0,0,3,1,0,0,2,1,,,0,0,0,0,0,0,0,0,0,0,0,0,0
438,Deepak Tangri,MF,in India,0,0,0,,0,0,,,,0,0,10,0,0,0,2,5,,,0,0,0,0,0,0,0,0,0,0,0,0,0
439,Shogo Taniguchi,DF,jp Japan,0,0,0,,0,0,,,,0,0,3,0,0,0,4,1,,,0,0,3,2,1,1,2,1,0.62,0,0.62,0.41,0.41
440,Mehdi Taremi,MF,ir IR Iran,3,17,6,35.3,3.53,1.24,0.12,0.33,,1,1,7,8,2,2,2,2,,,0,0,0,0,0,0,1,0,0,0,0,0,0
441,Michel Termanini,DF,ps Palestine,0,2,1,50,0.5,0.25,0,0,,0,0,4,0,0,1,1,3,,,0,0,0,0,0,0,1,0,0,0,0,0,0
442,Nguy?n Thái S?n,MF,vn Vietnam,0,0,0,,0,0,,,,0,0,2,2,0,0,1,7,,,0,1,1,0,0,0,0,0,0,0.41,0.41,0,0.41
443,Nguy?n Thanh Bình,DF,vn Vietnam,0,1,0,0,0.41,0,0,,,0,0,3,3,0,0,2,4,,,0,0,0,0,0,0,0,0,0,0,0,0,0
444,Anirudh Thapa,MF,in India,0,0,0,,0,0,,,,0,0,0,0,0,6,0,1,,,0,0,0,0,0,0,0,0,0,0,0,0,0
445,Suphan Thongsong,DF,th Thailand,0,0,0,,0,0,,,,0,0,1,1,0,0,1,2,,,0,0,0,0,0,0,0,0,0,0,0,0,0
446,Tr??ng Ti?n Anh,MF,vn Vietnam,0,0,0,,0,0,,,,0,0,0,0,0,0,0,0,,,0,0,0,0,0,0,0,0,0,0,0,0,0
447,Marco Tilio,MF,au Australia,0,0,0,,0,0,,,,0,0,0,0,0,1,0,0,,,0,0,0,0,0,0,0,0,0,0,0,0,0
448,Daniel Ting,MF,my Malaysia,0,0,0,,0,0,,,,0,0,1,0,0,1,0,2,,,0,0,0,0,0,0,0,0,0,0,0,0,0
449,Ali Tneich,MF,lb Lebanon,0,2,0,0,0.69,0,0,,,0,0,5,1,0,2,6,5,,,0,0,0,0,0,0,0,0,0,0,0,0,0
450,Erjan Tokotaev,GK,kg Kyrgyz Republic,0,0,0,,0,0,,,,0,0,0,1,0,0,0,0,,,0,0,0,0,0,0,0,0,0,0,0,0,0
451,Takehiro Tomiyasu,DF,jp Japan,0,1,0,0,0.29,0,0,,,0,0,0,2,0,0,3,2,,,0,0,0,0,0,0,1,0,0,0,0,0,0
452,Mehdi Torabi,MF,ir IR Iran,0,0,0,,0,0,,,,0,0,0,0,0,0,0,0,,,0,0,0,0,0,0,0,0,0,0,0,0,0
453,Nguy?n Tu?n Anh,MF,vn Vietnam,0,2,0,0,0.97,0,0,,,0,0,3,5,0,2,3,0,,,0,0,1,1,0,0,0,0,0.67,0,0.67,0.67,0.67
454,Ph?m Tu?n H?i,FW,vn Vietnam,1,1,1,100,0.67,0.67,1,1,,0,0,0,5,1,0,2,0,,,0,0,0,0,0,0,0,0,0,0,0,0,0
455,Phan Tu?n Tài,DF,vn Vietnam,0,1,0,0,0.39,0,0,,,0,0,0,1,0,2,1,0,,,0,0,2,2,0,0,0,0,0.78,0,0.78,0.78,0.78
456,Aziz Turg?unboyev,MF,uz Uzbekistan,2,5,2,40,1.94,0.78,0.4,1,,0,0,3,2,0,1,3,4,,,0,0,0,0,0,0,1,0,0,0,0,0,0
457,Yue Tze Nam,DF,hk Hong Kong,0,1,0,0,0.37,0,0,,,0,0,7,3,0,2,4,3,,,0,0,0,0,0,0,0,0,0,0,0,0,0
458,Michael Udebuluzor,FW,hk Hong Kong,0,1,0,0,0.81,0,0,,,0,0,3,0,1,0,0,0,,,0,0,4,3,1,1,1,0,1.08,0,1.08,0.81,0.81
459,Ayase Ueda,FW,jp Japan,4,10,5,50,2.69,1.35,0.3,0.6,,1,1,6,5,2,0,0,0,,,1,0,1,1,0,0,1,0,0.21,0,0.21,0.21,0.21
460,Parvizdzhon Umarbayev,MF,tj Tajikistan,1,8,3,37.5,1.66,0.62,0.13,0.33,,0,0,3,5,0,16,7,11,,,0,0,0,0,0,0,0,0,0,0,0,0,0
461,Shoxboz Umarov,MF,uz Uzbekistan,0,1,0,0,1.96,0,0,,,0,0,1,0,1,0,0,0,,,0,0,0,0,0,0,0,0,0,0,0,0,0
462,Oston Urunov,"FW,MF",uz Uzbekistan,0,6,2,33.3,1.56,0.52,0,0,,0,0,5,1,2,4,1,1,,,0,1,1,0,0,0,2,1,0,0.78,0.78,0,0.78
463,Khu?t V?n Khang,FW,vn Vietnam,0,3,1,33.3,2.33,0.78,0,0,,0,0,5,5,1,5,0,0,,,0,0,0,0,0,0,0,0,0,0,0,0,0
464,V? V?n Thanh,DF,vn Vietnam,0,1,1,100,5.63,5.63,0,0,,0,0,1,0,0,3,0,1,,,0,0,0,0,0,0,0,0,0,0,0,0,0
465,Nguy?n V?n Toàn,FW,vn Vietnam,0,1,1,100,1.41,1.41,0,0,,0,0,5,2,0,0,0,1,,,0,0,0,0,0,0,0,0,0,0,0,0,0
466,Nguy?n V?n Tr??ng,MF,vn Vietnam,0,1,0,0,2.31,0,0,,,0,0,0,3,1,0,0,0,,,0,0,0,0,0,0,0,0,0,0,0,0,0
467,Nguyê?n V?n Tu?ng,FW,vn Vietnam,0,0,0,,0,0,,,,0,0,1,4,0,1,0,0,,,0,1,1,0,0,0,1,0,0,0.17,0.17,0,0.17
468,Mohammed Waad,"MF,DF",qa Qatar,0,1,0,0,0.17,0,0,,,0,0,6,10,0,13,12,5,,,0,0,0,0,0,0,0,0,0,0,0,0,0
469,Mahmoud Wadi,FW,ps Palestine,0,0,0,,0,0,,,,0,0,0,1,0,0,0,0,,,0,0,0,0,0,0,0,0,0,0,0,0,0
470,Wong Wai,MF,hk Hong Kong,0,2,0,0,2.73,0,0,,,0,0,0,0,0,2,2,0,,,0,0,0,0,0,0,0,0,0,0,0,0,0
471,Dai Wai-tsun,MF,cn China PR,0,1,0,0,0.56,0,0,,,0,0,3,0,0,12,0,1,,,0,0,1,1,0,0,1,0,0.33,0,0.33,0.33,0.33
472,Sandy Walsh,DF,id Indonesia,1,4,3,75,1.32,0.99,0.25,0.33,,0,0,7,1,0,0,1,3,,,0,0,0,0,0,0,0,0,0,0,0,0,0
473,Tsuyoshi Watanabe,DF,jp Japan,0,0,0,,0,0,,,,0,0,0,0,0,0,0,0,,,0,0,0,0,0,0,0,0,0,0,0,0,0
474,Stuart Wilkin,MF,my Malaysia,0,3,1,33.3,1,0.33,0,0,,0,0,3,2,0,3,1,6,,,0,0,0,0,0,0,1,0,0,0,0,0,0
475,Jaroensak Wonggorn,MF,th Thailand,0,1,0,0,0.7,0,0,,,0,0,1,2,2,4,1,2,,,0,0,1,1,0,0,0,0,0.54,0,0.54,0.54,0.54
476,Jeong Woo-yeong,"MF,FW",kr Korea Republic,1,4,2,50,2.14,1.07,0.25,0.5,,0,0,1,0,2,4,0,1,,,0,0,0,0,0,0,0,0,0,0,0,0,0
477,Muhammadqodir Xamraliyev,MF,uz Uzbekistan,0,0,0,,0,0,,,,0,0,0,0,0,0,0,0,,,0,0,1,1,0,0,1,0,0.19,0,0.19,0.19,0.19
478,Odiljon Xamrobekov,MF,uz Uzbekistan,1,6,1,16.7,1.14,0.19,0.17,1,,0,0,11,4,1,2,9,6,,,0,0,0,0,0,0,0,0,0,0,0,0,0
479,Wu Xi,MF,cn China PR,0,1,0,0,1.05,0,0,,,0,0,1,1,0,1,0,0,,,0,0,0,0,0,0,0,0,0,0,0,0,0
480,Xu Xin,MF,cn China PR,0,3,2,66.7,2.14,1.43,0,0,,0,0,3,1,0,1,1,1,,,0,1,1,0,0,0,0,0,0,1,1,0,1
481,Diyor Xolmatov,MF,uz Uzbekistan,0,3,1,33.3,3,1,0,0,,0,0,1,1,0,0,1,1,,,0,0,0,0,0,0,0,0,0,0,0,0,0
482,Ph?m Xuân M?nh,"DF,MF",vn Vietnam,0,1,1,100,0.37,0.37,0,0,,0,0,3,1,0,2,2,3,,,0,0,0,0,0,0,2,0,0,0,0,0,0
483,Abduqodir Xusanov,DF,uz Uzbekistan,0,1,0,0,0.33,0,0,,,0,0,3,1,0,2,10,1,,,0,0,0,0,0,0,1,0,0,0,0,0,0
484,Jameel Al Yahmadi,MF,om Oman,0,2,0,0,0.67,0,0,,,0,0,1,4,0,22,1,2,,,0,1,1,0,0,0,0,0,0,0.63,0.63,0,0.63
485,Ahmed Yahya,DF,iq Iraq,0,2,0,0,1.26,0,0,,,0,0,2,2,0,4,1,2,,,0,0,1,0,1,1,0,0,0.35,0,0.35,0,0
486,Salaah Al Yahyaei,MF,om Oman,1,7,2,28.6,2.45,0.7,0,0,,1,1,1,11,0,16,0,2,,,0,0,0,0,0,0,0,0,0,0,0,0,0
487,Antonio Yakoub,FW,sy Syria,0,0,0,,0,0,,,,0,0,0,0,0,0,0,0,,,0,0,0,0,0,0,0,0,0,0,0,0,0
488,Liu Yang,DF,cn China PR,0,0,0,,0,0,,,,0,0,1,3,0,14,5,5,,,0,0,0,0,0,0,0,0,0,0,0,0,0
489,Kusini Yengi,FW,au Australia,0,1,0,0,0.92,0,0,,,0,0,3,1,1,0,0,0,,,0,0,0,0,0,0,1,0,0,0,0,0,0
490,Park Yong-woo,MF,kr Korea Republic,0,3,0,0,0.78,0,0,,,0,0,5,5,0,1,5,4,,,1,0,0,0,0,0,0,0,0,0,0,0,0
491,Sarach Yooyen,MF,th Thailand,0,1,0,0,0.41,0,0,,,0,0,3,1,0,4,0,4,,,0,0,0,0,0,0,1,0,0,0,0,0,0
492,Kim Young-gwon,DF,kr Korea Republic,0,3,0,0,0.62,0,0,,,0,0,2,0,0,0,3,2,,,0,1,1,0,0,0,0,0,0,0.15,0.15,0,0.15
493,Seol Youngwoo,"DF,MF",kr Korea Republic,0,3,2,66.7,0.46,0.31,0,0,,0,0,5,3,3,24,3,5,,,0,0,0,0,0,0,0,0,0,0,0,0,0
494,Fahd Youssef,"FW,MF",sy Syria,0,1,0,0,1.11,0,0,,,0,0,1,0,0,4,1,0,,,0,0,0,0,0,0,0,0,0,0,0,0,0
495,Jesse Yu,MF,hk Hong Kong,0,0,0,,0,0,,,,0,0,0,0,0,0,0,0,,,0,0,0,0,0,0,1,0,0,0,0,0,0
496,Zhang Yuning,FW,cn China PR,0,5,3,60,2.41,1.44,0,0,,0,0,8,1,1,0,1,0,,,0,0,1,1,0,0,1,0,0.37,0,0.37,0.37,0.37
497,Abdulla Yusuf Helal,FW,bh Bahrain,1,11,4,36.4,4.11,1.49,0.09,0.25,,0,0,5,6,6,0,0,2,,,0,0,0,0,0,0,0,0,0,0,0,0,0
498,Utkir Yusupov,GK,uz Uzbekistan,0,0,0,,0,0,,,,0,0,0,1,0,0,0,0,,,1,0,0,0,0,0,2,0,0,0,0,0,0
499,Tahnoon Al Zaabi,MF,ae UAE,0,3,0,0,1.27,0,0,,,0,0,5,5,0,8,0,4,,,0,0,0,0,0,0,0,0,0,0,0,0,0
500,Salah Zakaria,GK,qa Qatar,0,0,0,,0,0,,,,0,0,0,1,0,0,0,0,,,0,0,0,0,0,0,1,0,0,0,0,0,0
501,Hussein Zein,MF,lb Lebanon,0,3,3,100,1,1,0,0,,0,0,2,4,0,5,3,5,,,0,0,0,0,0,0,0,1,0,0,0,0,0
502,Kassem El Zein,DF,lb Lebanon,0,0,0,,0,0,,,,0,0,3,1,0,5,1,4,,,0,0,0,0,0,0,0,0,0,0,0,0,0
503,Samer Zubaida,MF,ps Palestine,0,0,0,,0,0,,,,0,0,1,0,0,1,0,0,,,0,0,1,1,0,0,0,0,0.83,0,0.83,0.83,0.83
504,Nguy?n ?ình B?c,MF,vn Vietnam,1,2,1,50,1.67,0.83,0.5,1,,0,0,3,6,1,0,0,1,,,0,0,0,0,0,0,0,0,0,0,0,0,0
505,Jamshid Boltaboyev,DF,uz Uzbekistan,0,1,0,0,11.25,0,0,,,0,0,0,0,0,0,0,0,,,0,,,,,,,,,,,,
